Invoice ID,City,Customer type,Gender,Product line id,Unit price,Quantity,Tax 5% (Rs),Date,Time,Payment,Rating
750-67-8428,Davanagere,Member,Female,101,74.69,7,26.1415,01-05-2023,13:08,Ewallet,9.1
226-31-3081,Amravati,Normal,Female,102,15.28,5,3.82,03-08-2023,10:29,Cash,9.6
631-41-3108,Bhopal,Normal,Male,103,46.33,7,16.2155,03-03-2023,13:23,Credit card,7.4
123-19-1176,Vasai-Virar,Member,Male,101,58.22,8,23.288,1/27/2023,20:33,Ewallet,8.4
373-73-7910,Mangaluru,Normal,Male,104,86.31,7,30.2085,02-08-2023,10:37,Ewallet,5.3
699-14-3026,Akola,Normal,Male,102,85.39,7,29.8865,3/25/2023,18:30,Ewallet,4.1
355-53-5943,Ahmednagar,Member,Female,102,68.84,6,20.652,2/25/2023,14:36,Ewallet,5.8
315-22-5665,Kalyan-Dombivali,Normal,Female,103,73.56,10,36.78,2/24/2023,11:38,Ewallet,8
665-32-9167,Jaipur,Member,Female,101,36.26,2,3.626,01-10-2023,17:15,Credit card,7.2
692-92-5582,Bhiwandi,Member,Female,105,54.84,3,8.226,2/20/2023,13:27,Credit card,5.9
351-62-0822,Kalyan-Dombivali,Member,Female,106,14.48,4,2.896,02-06-2023,18:07,Ewallet,4.5
529-56-3974,Delhi,Member,Male,102,25.51,4,5.102,03-09-2023,17:03,Cash,6.8
365-64-0515,Amritsar,Normal,Female,102,46.95,5,11.7375,02-12-2023,10:25,Ewallet,7.1
252-56-2699,Ajmer,Normal,Male,105,43.19,10,21.595,02-07-2023,16:48,Ewallet,8.2
829-34-3910,Nanded-Waghala,Normal,Female,101,71.38,10,35.69,3/29/2023,19:21,Cash,5.7
299-46-1805,Amritsar,Member,Female,104,93.72,6,28.116,1/15/2023,16:19,Cash,4.5
656-95-9349,Bengaluru,Member,Female,101,68.93,7,24.1255,03-11-2023,11:03,Credit card,4.6
765-26-6951,Indore,Normal,Male,104,72.61,6,21.783,01-01-2023,10:39,Credit card,6.9
329-62-1586,Jodhpur,Normal,Male,105,54.67,3,8.2005,1/21/2023,18:00,Credit card,8.6
319-50-3348,Nashik,Normal,Female,103,40.3,2,4.03,03-11-2023,15:30,Ewallet,4.4
300-71-4605,Jabalpur,Member,Male,102,86.04,5,21.51,2/25/2023,11:24,Ewallet,4.8
371-85-5789,Bikaner,Normal,Male,101,87.98,3,13.197,03-05-2023,10:40,Ewallet,5.1
273-16-6619,Jaipur,Normal,Male,103,33.2,2,3.32,3/15/2023,12:20,Credit card,4.4
636-48-8204,Nanded-Waghala,Normal,Male,102,34.56,5,8.64,2/17/2023,11:15,Ewallet,9.9
549-59-1358,Delhi,Member,Male,104,88.63,3,13.2945,03-02-2023,17:36,Ewallet,6
227-03-5010,Ahmednagar,Member,Female,103,52.59,8,21.036,3/22/2023,19:20,Credit card,8.5
649-29-6775,Bhopal,Normal,Male,106,33.52,1,1.676,02-08-2023,15:31,Cash,6.7
189-17-4241,Ludhiana,Normal,Female,106,87.67,2,8.767,03-10-2023,12:17,Credit card,7.7
145-94-9061,Jodhpur,Normal,Female,105,88.36,5,22.09,1/25/2023,19:48,Cash,9.6
848-62-7243,Davanagere,Normal,Male,101,24.89,9,11.2005,3/15/2023,15:36,Cash,7.4
871-79-8483,Mumbai,Normal,Male,106,94.13,5,23.5325,2/25/2023,19:39,Credit card,4.8
149-71-6266,Amravati,Member,Male,104,78.07,9,35.1315,1/28/2023,12:43,Cash,4.5
640-49-2076,Belagavi,Normal,Male,104,83.78,8,33.512,01-10-2023,14:49,Cash,5.1
595-11-5460,Bikaner,Normal,Male,101,96.58,2,9.658,3/15/2023,10:12,Credit card,5.1
183-56-6882,Hubli-Dharwad,Member,Female,105,99.42,4,19.884,02-06-2023,10:42,Ewallet,7.5
232-16-2483,Mumbai,Member,Female,104,68.12,1,3.406,01-07-2023,12:28,Ewallet,6.8
129-29-8530,Bathinda,Member,Male,104,62.62,5,15.655,03-10-2023,19:15,Ewallet,7
272-65-1806,Jalandhar,Normal,Female,102,60.88,9,27.396,1/15/2023,17:17,Ewallet,4.7
333-73-7901,Bhiwandi,Normal,Female,101,54.92,8,21.968,3/23/2023,13:24,Ewallet,7.6
777-82-7220,Amritsar,Member,Male,103,30.12,8,12.048,03-03-2023,13:01,Cash,7.7
280-35-5823,Ahmedabad,Member,Female,103,86.72,1,4.336,1/17/2023,18:45,Ewallet,7.9
554-53-8700,Jabalpur,Member,Male,103,56.11,2,5.611,02-02-2023,10:11,Cash,6.3
354-25-5821,Malegaon,Member,Female,104,69.12,6,20.736,02-08-2023,13:03,Cash,5.6
228-96-1411,Thane,Member,Female,105,98.7,8,39.48,03-04-2023,20:39,Cash,7.6
617-15-4209,Akola,Member,Male,101,15.37,2,1.537,3/16/2023,19:47,Cash,7.2
132-32-9879,Bikaner,Member,Female,102,93.96,4,18.792,03-09-2023,18:00,Cash,9.5
370-41-7321,Bhopal,Member,Male,101,56.69,9,25.5105,2/27/2023,17:24,Credit card,8.4
727-46-3608,Bharatpur,Member,Female,105,20.01,9,9.0045,02-06-2023,15:47,Ewallet,4.1
669-54-1719,Nagpur,Member,Male,102,18.93,6,5.679,02-10-2023,12:45,Credit card,8.1
574-22-5561,Dhule,Member,Female,106,82.63,10,41.315,3/19/2023,17:08,Ewallet,7.9
326-78-5178,Bhopal,Member,Male,105,91.4,7,31.99,02-03-2023,10:19,Cash,9.5
162-48-8011,Kalyan-Dombivali,Member,Female,105,44.59,5,11.1475,02-10-2023,15:10,Cash,8.5
616-24-2851,Jalandhar,Member,Female,106,17.87,4,3.574,3/22/2023,14:42,Ewallet,6.5
778-71-5554,Ahmednagar,Member,Male,106,15.43,1,0.7715,1/25/2023,15:46,Credit card,6.1
242-55-6721,Nanded-Waghala,Normal,Male,103,16.16,2,1.616,03-07-2023,11:49,Ewallet,6.5
399-46-5918,Nashik,Normal,Female,102,85.98,8,34.392,2/28/2023,19:01,Cash,8.2
106-35-6779,Davanagere,Member,Male,103,44.34,2,4.434,3/27/2023,11:26,Cash,5.8
635-40-6220,Belagavi,Normal,Male,101,89.6,8,35.84,02-07-2023,11:28,Ewallet,6.6
817-48-8732,Udaipur,Member,Female,103,72.35,10,36.175,1/20/2023,15:55,Cash,5.4
120-06-4233,Akola,Normal,Male,102,30.61,6,9.183,03-12-2023,20:36,Cash,9.3
285-68-5083,Jalandhar,Member,Female,104,24.74,3,3.711,2/15/2023,17:47,Credit card,10
803-83-5989,Mumbai,Normal,Male,103,55.73,6,16.719,2/24/2023,10:55,Ewallet,7
347-34-2234,Jalandhar,Member,Female,104,55.07,9,24.7815,02-03-2023,13:40,Ewallet,10
199-75-8169,Belagavi,Member,Male,104,15.81,10,7.905,03-06-2023,12:27,Credit card,8.6
853-23-2453,Bhopal,Member,Male,101,75.74,4,15.148,2/14/2023,14:35,Cash,7.6
877-22-3308,Bengaluru,Member,Male,101,15.87,10,7.935,3/13/2023,16:40,Cash,5.8
838-78-4295,Indore,Normal,Female,101,33.47,2,3.347,02-10-2023,15:43,Ewallet,6.7
109-28-2512,Jamnagar,Member,Female,106,97.61,6,29.283,01-07-2023,15:01,Ewallet,9.9
232-11-3025,Ujjain,Normal,Male,104,78.77,10,39.385,1/24/2023,10:04,Cash,6.4
382-03-4532,Ballari,Member,Female,101,18.33,1,0.9165,02-02-2023,18:50,Cash,4.3
393-65-2792,Jodhpur,Normal,Male,105,89.48,10,44.74,01-06-2023,12:46,Credit card,9.6
796-12-2025,Dhule,Normal,Male,106,62.12,10,31.06,02-11-2023,16:19,Cash,5.9
510-95-6347,Bhavnagar,Member,Female,105,48.52,3,7.278,03-05-2023,18:17,Ewallet,4
841-35-6630,Nashik,Normal,Female,102,75.91,6,22.773,03-09-2023,18:21,Cash,8.7
287-21-9091,Indore,Normal,Male,103,74.67,9,33.6015,1/22/2023,10:55,Ewallet,9.4
732-94-0499,Mira-Bhayandar,Normal,Female,102,41.65,10,20.825,1/13/2023,17:04,Credit card,5.4
263-10-3913,Ludhiana,Member,Male,106,49.04,9,22.068,01-09-2023,14:20,Credit card,8.6
381-20-0914,Udaipur,Member,Female,106,20.01,9,9.0045,01-12-2023,15:48,Credit card,5.7
829-49-1914,Jamnagar,Member,Female,105,78.31,10,39.155,03-05-2023,16:24,Ewallet,6.6
756-01-7507,Amravati,Normal,Female,101,20.38,5,5.095,1/22/2023,18:56,Cash,6
870-72-4431,Thane,Normal,Female,101,99.19,6,29.757,1/21/2023,14:42,Credit card,5.5
847-38-7188,Bengaluru,Normal,Female,105,96.68,3,14.502,1/26/2023,19:56,Ewallet,6.4
480-63-2856,Vasai-Virar,Normal,Male,105,19.25,8,7.7,1/23/2023,18:37,Ewallet,6.6
787-56-0757,Nashik,Member,Female,105,80.36,4,16.072,2/23/2023,18:45,Credit card,8.3
360-39-5055,Gwalior,Member,Male,104,48.91,5,12.2275,03-09-2023,10:17,Cash,6.6
730-50-9884,Vasai-Virar,Normal,Female,104,83.06,7,29.071,03-05-2023,14:31,Ewallet,4
362-58-8315,Dhule,Normal,Male,106,76.52,5,19.13,3/25/2023,10:23,Cash,9.9
633-44-8566,Jalandhar,Member,Male,105,49.38,7,17.283,3/27/2023,20:35,Credit card,7.3
504-35-8843,Jamnagar,Normal,Male,104,42.47,1,2.1235,01-02-2023,16:57,Cash,5.7
318-68-5053,Jalandhar,Normal,Female,101,76.99,6,23.097,2/27/2023,17:55,Cash,6.1
565-80-5980,Ajmer,Member,Female,103,47.38,4,9.476,1/23/2023,10:25,Cash,7.1
225-32-0908,Ahmedabad,Normal,Female,104,44.86,10,22.43,1/26/2023,19:54,Ewallet,8.2
873-51-0671,Jaipur,Member,Female,104,21.98,7,7.693,01-10-2023,16:42,Ewallet,5.1
152-08-9985,Gwalior,Member,Male,101,64.36,9,28.962,03-12-2023,12:09,Credit card,8.6
512-91-0811,Belagavi,Normal,Male,101,89.75,1,4.4875,02-06-2023,20:05,Credit card,6.6
594-34-4444,Murwara (Katni),Normal,Male,102,97.16,1,4.858,03-08-2023,20:38,Ewallet,7.2
766-85-7061,Dhule,Normal,Male,101,87.87,10,43.935,3/29/2023,10:25,Ewallet,5.1
871-39-9221,Mumbai,Normal,Female,102,12.45,6,3.735,02-09-2023,13:11,Cash,4.1
865-92-6136,Davanagere,Normal,Male,105,52.75,3,7.9125,3/23/2023,10:16,Ewallet,9.3
733-01-9107,Jamnagar,Normal,Male,103,82.7,6,24.81,03-05-2023,18:14,Cash,7.4
163-56-7055,Bharatpur,Member,Male,106,48.71,1,2.4355,3/26/2023,19:20,Cash,4.1
189-98-2939,Amritsar,Normal,Male,106,78.55,9,35.3475,03-01-2023,13:22,Cash,7.2
551-21-3069,Mira-Bhayandar,Normal,Female,102,23.07,9,10.3815,02-01-2023,11:27,Cash,4.9
212-62-1842,Dhule,Normal,Male,105,58.26,6,17.478,3/28/2023,16:44,Cash,9.9
716-39-1409,Bhopal,Normal,Male,101,30.35,7,10.6225,3/19/2023,18:19,Cash,8
704-48-3927,Belagavi,Member,Male,102,88.67,10,44.335,01-12-2023,14:50,Ewallet,7.3
628-34-3388,Ahmednagar,Normal,Male,106,27.38,6,8.214,01-05-2023,20:54,Credit card,7.9
630-74-5166,Malegaon,Normal,Male,104,62.13,6,18.639,3/22/2023,20:19,Cash,7.4
588-01-7461,Nagpur,Normal,Female,105,33.98,9,15.291,3/24/2023,10:43,Cash,4.2
861-77-0145,Ahmednagar,Member,Male,102,81.97,10,40.985,03-03-2023,14:30,Cash,9.2
479-26-8945,Bhiwandi,Member,Female,104,16.49,2,1.649,02-05-2023,11:32,Ewallet,4.6
210-67-5886,Bengaluru,Member,Female,101,98.21,3,14.7315,02-05-2023,10:41,Credit card,7.8
227-78-1148,Aurangabad,Normal,Female,106,72.84,7,25.494,2/15/2023,12:44,Cash,8.4
645-44-1170,Jaipur,Member,Male,103,58.07,9,26.1315,1/19/2023,20:07,Ewallet,4.3
237-01-6122,Davanagere,Member,Female,103,80.79,9,36.3555,02-01-2023,20:31,Credit card,9.5
225-98-1496,Belagavi,Normal,Female,106,27.02,3,4.053,03-02-2023,13:01,Credit card,7.1
291-32-1427,Bharatpur,Member,Male,106,21.94,5,5.485,03-05-2023,12:29,Ewallet,5.3
659-65-8956,Ujjain,Member,Male,106,51.36,1,2.568,1/16/2023,15:26,Ewallet,5.2
642-32-2990,Indore,Normal,Female,105,10.96,10,5.48,02-02-2023,20:48,Ewallet,6
378-24-2715,Bharatpur,Normal,Male,103,53.44,2,5.344,1/20/2023,20:38,Ewallet,4.1
638-60-7125,Ujjain,Normal,Female,102,99.56,8,39.824,2/14/2023,17:03,Credit card,5.2
659-36-1684,Bharatpur,Member,Male,104,57.12,7,19.992,01-12-2023,12:02,Credit card,6.5
219-22-9386,Hubli-Dharwad,Member,Male,104,99.96,9,44.982,03-09-2023,17:26,Credit card,4.2
336-78-2147,Ajmer,Member,Male,103,63.91,8,25.564,3/13/2023,19:52,Credit card,4.6
268-27-6179,Thane,Member,Female,106,56.47,8,22.588,03-09-2023,14:57,Ewallet,7.3
668-90-8900,Jabalpur,Normal,Female,103,93.69,7,32.7915,03-10-2023,18:44,Credit card,4.5
870-54-3162,Ahmedabad,Normal,Female,104,32.25,5,8.0625,1/27/2023,13:26,Cash,9
189-08-9157,Vasai-Virar,Normal,Female,106,31.73,9,14.2785,01-08-2023,16:17,Credit card,5.9
663-86-9076,Amritsar,Member,Female,105,68.54,8,27.416,01-08-2023,15:57,Ewallet,8.5
549-84-7482,Jalandhar,Normal,Female,104,90.28,9,40.626,02-08-2023,11:15,Ewallet,7.2
191-10-6171,Mira-Bhayandar,Normal,Female,106,39.62,7,13.867,1/25/2023,13:18,Cash,7.5
802-70-5316,Kalyan-Dombivali,Member,Female,104,92.13,6,27.639,03-06-2023,20:34,Cash,8.3
695-51-0018,Bikaner,Normal,Female,104,34.84,4,6.968,02-10-2023,18:36,Cash,7.4
590-83-4591,Amravati,Member,Male,102,87.45,6,26.235,2/17/2023,14:40,Credit card,8.8
483-71-1164,Hubli-Dharwad,Normal,Female,101,81.3,6,24.39,03-08-2023,16:43,Ewallet,5.3
597-78-7908,Ahmedabad,Normal,Male,106,90.22,3,13.533,2/18/2023,19:39,Cash,6.2
700-81-1757,Thane,Normal,Female,102,26.31,5,6.5775,1/18/2023,20:59,Credit card,8.8
354-39-5160,Ajmer,Member,Female,103,34.42,6,10.326,2/18/2023,15:39,Cash,9.8
241-72-9525,Davanagere,Normal,Male,104,51.91,10,25.955,2/16/2023,12:21,Cash,8.2
575-30-8091,Mumbai,Normal,Male,104,72.5,8,29,3/16/2023,19:25,Ewallet,9.2
731-81-9469,Indore,Member,Female,104,89.8,10,44.9,1/23/2023,13:00,Credit card,5.4
280-17-4359,Ludhiana,Member,Male,101,90.5,10,45.25,1/25/2023,13:48,Cash,8.1
338-65-2210,Ballari,Member,Female,101,68.6,10,34.3,02-05-2023,19:57,Cash,9.1
488-25-4221,Bhavnagar,Member,Female,105,30.41,1,1.5205,2/22/2023,10:36,Credit card,8.4
239-10-7476,Hubli-Dharwad,Normal,Female,103,77.95,6,23.385,1/21/2023,16:37,Ewallet,8
458-41-1477,Ahmednagar,Normal,Female,101,46.26,6,13.878,03-08-2023,17:11,Credit card,9.5
685-64-1609,Jamnagar,Member,Female,106,30.14,10,15.07,02-10-2023,12:28,Ewallet,9.2
568-90-5112,Ahmedabad,Normal,Male,101,66.14,4,13.228,3/19/2023,12:46,Credit card,5.6
262-47-2794,Bhavnagar,Member,Male,103,71.86,8,28.744,03-06-2023,15:07,Credit card,6.2
238-49-0436,Jodhpur,Normal,Male,101,32.46,8,12.984,3/27/2023,13:48,Credit card,4.9
608-96-3517,Kalyan-Dombivali,Member,Female,106,91.54,4,18.308,3/23/2023,19:20,Credit card,4.8
584-86-7256,Nagpur,Member,Male,104,34.56,7,12.096,03-11-2023,16:07,Credit card,7.3
746-94-0204,Bathinda,Normal,Male,106,83.24,9,37.458,1/29/2023,11:56,Credit card,7.4
214-17-6927,Thane,Normal,Female,105,16.48,6,4.944,02-07-2023,18:23,Ewallet,9.9
400-89-4171,Udaipur,Normal,Female,104,80.97,8,32.388,1/28/2023,13:05,Cash,9.3
782-95-9291,Ahmedabad,Member,Male,105,92.29,5,23.0725,2/20/2023,15:55,Credit card,9
279-74-2924,Indore,Member,Male,102,72.17,1,3.6085,01-04-2023,19:40,Cash,6.1
307-85-2293,Ahmednagar,Normal,Male,103,50.28,5,12.57,03-07-2023,13:58,Ewallet,9.7
743-04-1105,Bharatpur,Member,Male,101,97.22,9,43.749,3/30/2023,14:43,Ewallet,6
423-57-2993,Ahmednagar,Normal,Male,104,93.39,6,28.017,3/27/2023,19:18,Ewallet,10
894-41-5205,Jodhpur,Normal,Female,105,43.18,8,17.272,1/19/2023,19:39,Credit card,8.3
275-28-0149,Jaipur,Normal,Male,104,63.69,1,3.1845,2/25/2023,16:21,Cash,6
101-17-6199,Ajmer,Normal,Male,105,45.79,7,16.0265,3/13/2023,19:44,Credit card,7
423-80-0988,Murwara (Katni),Normal,Male,104,76.4,2,7.64,1/30/2023,19:42,Ewallet,6.5
548-46-9322,Hubli-Dharwad,Normal,Male,105,39.9,10,19.95,2/20/2023,15:24,Credit card,5.9
505-02-0892,Nanded-Waghala,Member,Male,101,42.57,8,17.028,2/25/2023,14:12,Ewallet,5.6
234-65-2137,Bengaluru,Normal,Male,103,95.58,10,47.79,1/16/2023,13:32,Cash,4.8
687-47-8271,Jodhpur,Normal,Male,106,98.98,10,49.49,02-08-2023,16:20,Credit card,8.7
796-32-9050,Delhi,Normal,Male,105,51.28,6,15.384,1/19/2023,16:31,Cash,6.5
105-31-1824,Jamnagar,Member,Male,104,69.52,7,24.332,02-01-2023,15:10,Credit card,8.5
249-42-3782,Bengaluru,Normal,Male,101,70.01,5,17.5025,01-03-2023,11:36,Ewallet,5.5
316-55-4634,Nagpur,Member,Male,105,80.05,5,20.0125,1/26/2023,12:45,Credit card,9.4
733-33-4967,Murwara (Katni),Normal,Male,102,20.85,8,8.34,03-03-2023,19:17,Cash,6.3
608-27-6295,Amravati,Member,Male,102,52.89,6,15.867,1/19/2023,17:34,Credit card,9.8
414-12-7047,Nagpur,Normal,Male,105,19.79,8,7.916,1/18/2023,12:04,Ewallet,8.7
827-26-2100,Nashik,Member,Male,103,33.84,9,15.228,3/21/2023,16:21,Ewallet,8.8
175-54-2529,Jabalpur,Member,Male,105,22.17,8,8.868,03-03-2023,17:01,Credit card,9.6
139-52-2867,Bhavnagar,Normal,Female,106,22.51,7,7.8785,2/13/2023,10:50,Credit card,4.8
407-63-8975,Bhiwandi,Normal,Male,105,73.88,6,22.164,3/23/2023,19:16,Ewallet,4.4
342-65-4817,Jabalpur,Member,Male,101,86.8,3,13.02,1/28/2023,16:47,Ewallet,9.9
130-98-8941,Bikaner,Normal,Male,106,64.26,7,22.491,02-09-2023,10:00,Cash,5.7
434-83-9547,Bengaluru,Member,Male,105,38.47,8,15.388,1/23/2023,11:51,Cash,7.7
851-28-6367,Ludhiana,Member,Male,104,15.5,10,7.75,3/23/2023,10:55,Ewallet,8
824-88-3614,Indore,Normal,Male,101,34.31,8,13.724,1/25/2023,15:00,Ewallet,5.7
586-25-0848,Ludhiana,Normal,Female,104,12.34,7,4.319,03-04-2023,11:19,Credit card,6.7
895-66-0685,Malegaon,Member,Male,105,18.08,3,2.712,03-05-2023,19:46,Ewallet,8
305-14-0245,Malegaon,Member,Female,103,94.49,8,37.796,03-03-2023,19:00,Ewallet,7.5
732-04-5373,Jabalpur,Member,Male,103,46.47,4,9.294,02-08-2023,10:53,Cash,7
400-60-7251,Hubli-Dharwad,Normal,Male,103,74.07,1,3.7035,02-10-2023,12:50,Ewallet,9.9
593-65-1552,Indore,Normal,Female,103,69.81,4,13.962,1/28/2023,20:50,Credit card,5.9
284-34-9626,Ahmedabad,Normal,Female,103,77.04,3,11.556,02-11-2023,10:39,Credit card,7.2
437-58-8131,Bikaner,Normal,Female,106,73.52,2,7.352,1/15/2023,13:41,Ewallet,4.6
286-43-6208,Nagpur,Normal,Female,105,87.8,9,39.51,3/16/2023,19:08,Cash,9.2
641-43-2399,Murwara (Katni),Normal,Male,103,25.55,4,5.11,1/26/2023,20:23,Ewallet,5.7
831-07-6050,Bharatpur,Normal,Male,102,32.71,5,8.1775,3/19/2023,11:30,Credit card,9.9
556-86-3144,Gwalior,Member,Female,106,74.29,1,3.7145,1/13/2023,19:30,Cash,5
848-24-9445,Gwalior,Member,Male,101,43.7,2,4.37,3/26/2023,18:03,Cash,4.9
856-22-8149,Jodhpur,Normal,Female,103,25.29,1,1.2645,3/23/2023,10:13,Ewallet,6.1
699-01-4164,Indore,Normal,Male,101,41.5,4,8.3,03-12-2023,19:58,Credit card,8.2
420-11-4919,Kalyan-Dombivali,Member,Female,105,71.39,5,17.8475,2/17/2023,19:57,Credit card,5.5
606-80-4905,Ujjain,Member,Female,104,19.15,6,5.745,1/29/2023,10:01,Credit card,6.8
542-41-0513,Bharatpur,Member,Female,102,57.49,4,11.498,3/15/2023,11:57,Cash,6.6
426-39-2418,Bengaluru,Normal,Male,102,61.41,7,21.4935,1/14/2023,10:02,Cash,9.8
875-46-5808,Delhi,Member,Male,101,25.9,10,12.95,02-06-2023,14:51,Ewallet,8.7
394-43-4238,Hubli-Dharwad,Member,Male,103,17.77,5,4.4425,2/15/2023,12:42,Credit card,5.4
749-24-1565,Mangaluru,Normal,Female,101,23.03,9,10.3635,01-03-2023,12:02,Ewallet,7.9
672-51-8681,Bikaner,Member,Female,102,66.65,9,29.9925,01-04-2023,18:19,Credit card,9.7
263-87-5680,Jodhpur,Member,Female,103,28.53,10,14.265,3/18/2023,17:38,Ewallet,7.8
573-58-9734,Gwalior,Normal,Female,106,30.37,3,4.5555,3/28/2023,13:41,Ewallet,5.1
817-69-8206,Ujjain,Normal,Female,102,99.73,9,44.8785,03-02-2023,19:42,Credit card,6.5
888-02-0338,Vasai-Virar,Normal,Male,102,26.23,9,11.8035,1/25/2023,20:24,Ewallet,5.9
677-11-0152,Ahmedabad,Normal,Female,105,93.26,9,41.967,1/16/2023,18:08,Cash,8.8
142-63-6033,Ballari,Normal,Male,103,92.36,5,23.09,3/20/2023,19:17,Ewallet,4.9
656-16-1063,Bhopal,Normal,Male,104,46.42,3,6.963,01-04-2023,13:24,Credit card,4.4
891-58-8335,Aurangabad,Member,Female,104,29.61,7,10.3635,03-11-2023,15:53,Cash,6.5
802-43-8934,Mira-Bhayandar,Normal,Male,103,18.28,1,0.914,3/22/2023,15:05,Credit card,8.3
560-30-5617,Belagavi,Normal,Female,104,24.77,5,6.1925,3/24/2023,18:27,Cash,8.5
319-74-2561,Udaipur,Member,Female,102,94.64,3,14.196,2/21/2023,16:55,Cash,5.5
549-03-9315,Bathinda,Normal,Male,106,94.87,8,37.948,02-12-2023,12:58,Ewallet,8.7
790-29-1172,Amravati,Normal,Female,105,57.34,3,8.601,03-10-2023,18:59,Credit card,7.9
239-36-3640,Vasai-Virar,Normal,Male,102,45.35,6,13.605,1/31/2023,13:44,Ewallet,6.1
468-01-2051,Ajmer,Normal,Male,105,62.08,7,21.728,03-06-2023,13:46,Ewallet,5.4
389-25-3394,Udaipur,Normal,Male,102,11.81,5,2.9525,2/17/2023,18:06,Cash,9.4
279-62-1445,Delhi,Member,Female,106,12.54,1,0.627,2/21/2023,12:38,Cash,8.2
213-72-6612,Udaipur,Normal,Male,105,43.25,2,4.325,3/20/2023,15:56,Cash,6.2
746-68-6593,Bengaluru,Member,Female,104,87.16,2,8.716,01-11-2023,14:29,Credit card,9.7
836-82-5858,Bhiwandi,Member,Male,101,69.37,9,31.2165,1/26/2023,19:14,Ewallet,4
583-72-1480,Bhavnagar,Member,Male,102,37.06,4,7.412,1/31/2023,16:24,Ewallet,9.7
466-61-5506,Ajmer,Member,Female,102,90.7,6,27.21,2/26/2023,10:52,Cash,5.3
721-86-6247,Ballari,Normal,Female,103,63.42,8,25.368,03-11-2023,12:55,Ewallet,7.4
289-65-5721,Mangaluru,Normal,Female,106,81.37,2,8.137,1/26/2023,19:28,Cash,6.5
545-46-3100,Jodhpur,Member,Female,102,10.59,3,1.5885,03-12-2023,13:52,Credit card,8.7
418-02-5978,Nanded-Waghala,Normal,Female,101,84.09,9,37.8405,02-11-2023,10:54,Cash,8
269-04-5750,Davanagere,Member,Male,106,73.82,4,14.764,2/21/2023,18:31,Cash,6.7
157-13-5295,Nashik,Member,Male,101,51.94,10,25.97,03-09-2023,18:24,Ewallet,6.5
645-78-8093,Hubli-Dharwad,Normal,Female,104,93.14,2,9.314,1/20/2023,18:09,Ewallet,4.1
211-30-9270,Bathinda,Normal,Male,101,17.41,5,4.3525,1/28/2023,15:16,Credit card,4.9
755-12-3214,Indore,Member,Female,106,44.22,5,11.055,03-05-2023,17:07,Credit card,8.6
346-84-3103,Ludhiana,Member,Female,102,13.22,5,3.305,03-02-2023,19:26,Cash,4.3
478-06-7835,Ahmedabad,Normal,Male,106,89.69,1,4.4845,01-11-2023,11:20,Ewallet,4.9
540-11-4336,Dhule,Normal,Male,105,24.94,9,11.223,01-11-2023,16:49,Credit card,5.6
448-81-5016,Bharatpur,Normal,Male,101,59.77,2,5.977,03-11-2023,12:01,Credit card,5.8
142-72-4741,Jaipur,Member,Male,106,93.2,2,9.32,2/28/2023,18:37,Credit card,6
217-58-1179,Ahmednagar,Member,Male,103,62.65,4,12.53,01-05-2023,11:25,Cash,4.2
376-02-8238,Nashik,Normal,Male,103,93.87,8,37.548,02-02-2023,18:42,Credit card,8.3
530-90-9855,Hubli-Dharwad,Member,Male,103,47.59,8,19.036,01-01-2023,14:47,Cash,5.7
866-05-7563,Aurangabad,Member,Female,102,81.4,3,12.21,02-09-2023,19:43,Cash,4.8
604-70-6476,Ahmedabad,Member,Male,106,17.94,5,4.485,1/23/2023,14:04,Ewallet,6.8
799-71-1548,Bharatpur,Member,Male,102,77.72,4,15.544,01-07-2023,16:11,Credit card,8.8
785-13-7708,Ahmednagar,Normal,Male,105,73.06,7,25.571,1/14/2023,19:06,Credit card,4.2
845-51-0542,Indore,Member,Male,105,46.55,9,20.9475,02-02-2023,15:34,Ewallet,6.4
662-47-5456,Nashik,Member,Male,106,35.19,10,17.595,3/17/2023,19:06,Credit card,8.4
883-17-4236,Hubli-Dharwad,Normal,Female,104,14.39,2,1.439,03-02-2023,19:44,Credit card,7.2
290-68-2984,Murwara (Katni),Normal,Male,103,23.75,4,4.75,3/16/2023,11:22,Cash,5.2
704-11-6354,Udaipur,Member,Male,103,58.9,8,23.56,01-06-2023,11:23,Cash,8.9
110-48-7033,Vasai-Virar,Member,Male,106,32.62,4,6.524,1/29/2023,14:12,Cash,9
366-93-0948,Amravati,Member,Male,102,66.35,1,3.3175,1/31/2023,10:46,Credit card,9.7
729-09-9681,Bhopal,Member,Male,103,25.91,6,7.773,02-05-2023,10:16,Ewallet,8.7
151-16-1484,Udaipur,Member,Male,102,32.25,4,6.45,2/13/2023,12:38,Ewallet,6.5
380-94-4661,Bengaluru,Member,Male,102,65.94,4,13.188,02-07-2023,13:05,Credit card,6.9
850-41-9669,Dhule,Normal,Female,102,75.06,9,33.777,3/19/2023,13:25,Ewallet,6.2
821-07-3596,Jaipur,Normal,Female,106,16.45,4,3.29,03-07-2023,14:53,Ewallet,5.6
655-85-5130,Belagavi,Member,Female,106,38.3,4,7.66,3/13/2023,19:22,Cash,5.7
447-15-7839,Belagavi,Member,Female,104,22.24,10,11.12,02-09-2023,11:00,Cash,4.2
154-74-7179,Bathinda,Normal,Male,104,54.45,1,2.7225,2/26/2023,19:24,Ewallet,7.9
253-12-6086,Indore,Member,Female,104,98.4,7,34.44,03-12-2023,12:43,Credit card,8.7
808-65-0703,Vasai-Virar,Normal,Male,103,35.47,4,7.094,3/14/2023,17:22,Credit card,6.9
571-94-0759,Amravati,Member,Female,105,74.6,10,37.3,01-08-2023,20:55,Cash,9.5
144-51-6085,Ballari,Member,Male,103,70.74,4,14.148,01-05-2023,16:05,Credit card,4.4
731-14-2199,Jalandhar,Member,Female,103,35.54,10,17.77,01-04-2023,13:34,Ewallet,7
783-09-1637,Murwara (Katni),Normal,Female,104,67.43,5,16.8575,03-06-2023,18:13,Ewallet,6.3
687-15-1097,Nagpur,Member,Female,101,21.12,2,2.112,01-03-2023,19:17,Cash,9.7
126-54-1082,Ahmednagar,Member,Female,103,21.54,9,9.693,01-07-2023,11:44,Credit card,8.8
633-91-1052,Jodhpur,Normal,Female,103,12.03,2,1.203,1/27/2023,15:51,Cash,5.1
477-24-6490,Bhopal,Normal,Female,101,99.71,6,29.913,2/26/2023,16:52,Ewallet,7.9
566-19-5475,Jodhpur,Normal,Male,106,47.97,7,16.7895,01-07-2023,20:52,Cash,6.2
526-86-8552,Davanagere,Member,Female,103,21.82,10,10.91,01-07-2023,17:36,Cash,7.1
376-56-3573,Davanagere,Normal,Female,106,95.42,4,19.084,02-02-2023,13:23,Ewallet,6.4
537-72-0426,Murwara (Katni),Member,Male,106,70.99,10,35.495,3/20/2023,16:28,Cash,5.7
828-61-5674,Bhopal,Member,Male,104,44.02,10,22.01,3/20/2023,19:57,Credit card,9.6
136-08-6195,Hubli-Dharwad,Normal,Female,103,69.96,8,27.984,2/15/2023,17:01,Credit card,6.4
523-38-0215,Ajmer,Normal,Male,103,37,1,1.85,03-06-2023,13:29,Credit card,7.9
490-29-1201,Jalandhar,Normal,Female,104,15.34,1,0.767,01-06-2023,11:09,Cash,6.5
667-92-0055,Ujjain,Member,Male,101,99.83,6,29.949,03-04-2023,15:02,Ewallet,8.5
565-17-3836,Bhavnagar,Member,Female,101,47.67,4,9.534,03-12-2023,14:21,Cash,9.1
498-41-1961,Bikaner,Normal,Male,101,66.68,5,16.67,2/20/2023,18:01,Cash,7.6
593-95-4461,Bengaluru,Member,Male,103,74.86,1,3.743,3/24/2023,14:49,Cash,6.9
226-71-3580,Bhopal,Normal,Female,104,23.75,9,10.6875,1/31/2023,12:02,Cash,9.5
283-79-9594,Murwara (Katni),Normal,Female,105,48.51,7,16.9785,1/25/2023,13:30,Credit card,5.2
430-60-3493,Jalandhar,Member,Female,103,94.88,7,33.208,02-03-2023,14:38,Cash,4.2
139-20-0155,Amravati,Member,Male,102,40.3,10,20.15,1/24/2023,17:37,Credit card,7
558-80-4082,Ujjain,Normal,Male,102,27.85,7,9.7475,3/14/2023,17:20,Ewallet,6
278-97-7759,Vasai-Virar,Member,Female,102,62.48,1,3.124,2/18/2023,20:29,Cash,4.7
316-68-6352,Jodhpur,Member,Female,105,36.36,2,3.636,1/21/2023,10:00,Cash,7.1
585-03-5943,Ahmedabad,Normal,Male,101,18.11,10,9.055,3/13/2023,11:46,Ewallet,5.9
211-05-0490,Ballari,Member,Female,102,51.92,5,12.98,03-03-2023,13:42,Cash,7.5
727-75-6477,Murwara (Katni),Normal,Male,102,28.84,4,5.768,3/29/2023,14:44,Cash,6.4
744-02-5987,Nagpur,Member,Male,103,78.38,6,23.514,01-10-2023,14:16,Ewallet,5.8
307-83-9164,Amritsar,Member,Male,103,60.01,4,12.002,1/25/2023,15:54,Cash,4.5
779-06-0012,Ahmedabad,Member,Female,103,88.61,1,4.4305,1/19/2023,10:21,Cash,7.7
446-47-6729,Jodhpur,Normal,Male,106,99.82,2,9.982,01-02-2023,18:09,Credit card,6.7
573-10-3877,Bhavnagar,Member,Male,101,39.01,1,1.9505,03-12-2023,16:46,Credit card,4.7
735-06-4124,Hubli-Dharwad,Normal,Male,105,48.61,1,2.4305,2/25/2023,15:31,Cash,4.4
439-54-7422,Mumbai,Normal,Female,102,51.19,4,10.238,3/18/2023,17:15,Credit card,4.7
396-90-2219,Bikaner,Normal,Female,102,14.96,8,5.984,2/23/2023,12:29,Cash,8.6
411-77-0180,Nagpur,Member,Male,102,72.2,7,25.27,3/26/2023,20:14,Ewallet,4.3
286-01-5402,Ahmednagar,Normal,Female,104,40.23,7,14.0805,3/30/2023,13:22,Cash,9.6
803-17-8013,Akola,Member,Female,103,88.79,8,35.516,2/17/2023,17:09,Cash,4.1
512-98-1403,Murwara (Katni),Member,Female,102,26.48,3,3.972,3/21/2023,10:40,Ewallet,4.7
848-42-2560,Davanagere,Normal,Female,106,81.91,2,8.191,03-05-2023,17:43,Cash,7.8
532-59-7201,Nashik,Member,Male,104,79.93,6,23.979,1/31/2023,14:04,Cash,5.5
181-94-6432,Vasai-Virar,Member,Male,106,69.33,2,6.933,02-05-2023,19:05,Ewallet,9.7
870-76-1733,Gwalior,Member,Female,105,14.23,5,3.5575,02-01-2023,10:08,Credit card,4.4
423-64-4619,Jabalpur,Member,Female,101,15.55,9,6.9975,03-07-2023,13:12,Cash,5
227-07-4446,Ballari,Member,Female,102,78.13,10,39.065,02-10-2023,20:51,Cash,4.4
174-36-3675,Jalandhar,Member,Male,105,99.37,2,9.937,2/14/2023,17:29,Cash,5.2
428-83-5800,Ballari,Member,Female,105,21.08,3,3.162,02-09-2023,10:25,Cash,7.3
603-07-0961,Mumbai,Member,Male,102,74.79,5,18.6975,01-10-2023,11:34,Cash,4.9
704-20-4138,Ahmedabad,Member,Female,101,29.67,7,10.3845,03-11-2023,18:58,Credit card,8.1
787-15-1757,Ahmednagar,Member,Male,101,44.07,4,8.814,2/18/2023,16:28,Ewallet,8.4
649-11-3678,Belagavi,Normal,Female,105,22.93,9,10.3185,2/26/2023,20:26,Cash,5.5
622-20-1945,Davanagere,Normal,Female,101,39.42,1,1.971,1/18/2023,15:08,Cash,8.4
372-94-8041,Jalandhar,Normal,Male,101,15.26,6,4.578,2/15/2023,18:03,Ewallet,9.8
563-91-7120,Nanded-Waghala,Normal,Female,106,61.77,5,15.4425,03-08-2023,13:21,Cash,6.7
746-54-5508,Malegaon,Normal,Male,103,21.52,6,6.456,1/17/2023,12:48,Credit card,9.4
276-54-0879,Akola,Normal,Male,104,97.74,4,19.548,03-12-2023,19:53,Ewallet,6.4
815-11-1168,Jalandhar,Member,Male,105,99.78,5,24.945,03-09-2023,19:09,Cash,5.4
719-76-3868,Mumbai,Member,Male,105,94.26,4,18.852,03-12-2023,16:30,Cash,8.6
730-61-8757,Akola,Member,Male,101,51.13,4,10.226,1/25/2023,10:11,Credit card,4
340-66-0321,Jabalpur,Member,Male,102,36.36,4,7.272,3/25/2023,13:07,Cash,7.6
868-81-1752,Indore,Normal,Male,103,22.02,9,9.909,02-07-2023,18:48,Cash,6.8
634-97-8956,Nanded-Waghala,Normal,Male,105,32.9,3,4.935,2/17/2023,17:27,Credit card,9.1
566-71-1091,Udaipur,Normal,Male,106,77.02,5,19.255,02-03-2023,15:59,Cash,5.5
442-48-3607,Davanagere,Member,Male,105,23.48,2,2.348,3/14/2023,11:21,Credit card,7.9
835-16-0096,Jodhpur,Member,Male,104,14.7,5,3.675,3/24/2023,13:48,Ewallet,8.5
527-09-6272,Kalyan-Dombivali,Member,Female,102,28.45,5,7.1125,3/21/2023,10:17,Credit card,9.1
898-04-2717,Bhiwandi,Normal,Male,106,76.4,9,34.38,3/19/2023,15:49,Ewallet,7.5
692-27-8933,Jodhpur,Normal,Female,104,57.95,6,17.385,2/24/2023,13:02,Cash,5.2
633-09-3463,Mangaluru,Normal,Female,102,47.65,3,7.1475,3/28/2023,12:58,Credit card,9.5
374-17-3652,Indore,Member,Female,105,42.82,9,19.269,02-05-2023,15:26,Credit card,8.9
378-07-7001,Aurangabad,Member,Male,102,48.09,3,7.2135,02-10-2023,18:23,Credit card,7.8
433-75-6987,Delhi,Member,Female,101,55.97,7,19.5895,03-05-2023,19:06,Ewallet,8.9
873-95-4984,Mira-Bhayandar,Member,Female,101,76.9,7,26.915,2/15/2023,20:21,Cash,7.7
416-13-5917,Jaipur,Normal,Female,105,97.03,5,24.2575,1/30/2023,16:24,Ewallet,9.3
150-89-8043,Mangaluru,Normal,Male,104,44.65,3,6.6975,2/14/2023,15:04,Cash,6.2
135-84-8019,Bhopal,Normal,Female,106,77.93,9,35.0685,2/27/2023,16:10,Ewallet,7.6
441-94-7118,Jaipur,Member,Male,102,71.95,1,3.5975,02-04-2023,12:14,Cash,7.3
725-96-3778,Jalandhar,Member,Female,103,89.25,8,35.7,1/20/2023,10:13,Cash,4.7
531-80-1784,Mangaluru,Normal,Male,102,26.02,7,9.107,3/28/2023,17:38,Cash,5.1
400-45-1220,Kalyan-Dombivali,Normal,Female,101,13.5,10,6.75,2/27/2023,11:06,Credit card,4.8
860-79-0874,Dhule,Member,Female,106,99.3,10,49.65,2/15/2023,14:53,Credit card,6.6
834-61-8124,Mira-Bhayandar,Normal,Male,102,51.69,7,18.0915,1/26/2023,18:22,Cash,5.5
115-99-4379,Mira-Bhayandar,Member,Female,106,54.73,7,19.1555,3/14/2023,19:02,Credit card,8.5
565-67-6697,Gwalior,Member,Male,103,27,9,12.15,03-02-2023,14:16,Cash,4.8
320-49-6392,Jaipur,Normal,Female,102,30.24,1,1.512,03-04-2023,15:44,Cash,8.4
889-04-9723,Mira-Bhayandar,Member,Female,105,89.14,4,17.828,01-07-2023,12:20,Credit card,7.8
632-90-0281,Udaipur,Normal,Female,106,37.55,10,18.775,03-08-2023,20:01,Credit card,9.3
554-42-2417,Ballari,Normal,Female,104,95.44,10,47.72,01-09-2023,13:45,Cash,5.2
453-63-6187,Amritsar,Normal,Male,102,27.5,3,4.125,03-01-2023,15:40,Ewallet,6.5
578-80-7669,Amravati,Normal,Male,104,74.97,1,3.7485,3/16/2023,16:58,Cash,5.6
612-36-5536,Amritsar,Member,Male,105,80.96,8,32.384,2/17/2023,11:12,Credit card,7.4
605-72-4132,Belagavi,Normal,Female,105,94.47,8,37.788,2/27/2023,15:12,Cash,9.1
471-41-2823,Bhiwandi,Normal,Male,105,99.79,2,9.979,03-07-2023,20:37,Ewallet,8
462-67-9126,Nanded-Waghala,Normal,Male,103,73.22,6,21.966,1/21/2023,17:44,Cash,7.2
272-27-9238,Jaipur,Normal,Female,105,41.24,4,8.248,2/19/2023,16:23,Cash,7.1
834-25-9262,Nanded-Waghala,Normal,Female,106,81.68,4,16.336,01-06-2023,12:12,Cash,9.1
122-61-9553,Ludhiana,Normal,Female,102,51.32,9,23.094,3/14/2023,19:33,Cash,5.6
468-88-0009,Nagpur,Member,Male,103,65.94,4,13.188,3/24/2023,10:29,Cash,6
613-59-9758,Ajmer,Normal,Female,104,14.36,10,7.18,1/27/2023,14:28,Cash,5.4
254-31-0042,Mangaluru,Member,Male,102,21.5,9,9.675,03-06-2023,12:46,Credit card,7.8
201-86-2184,Amravati,Member,Female,102,26.26,7,9.191,02-02-2023,19:40,Cash,9.9
261-12-8671,Akola,Normal,Female,106,60.96,2,6.096,1/25/2023,19:39,Credit card,4.9
730-70-9830,Ludhiana,Normal,Female,103,70.11,6,21.033,3/14/2023,17:54,Ewallet,5.2
382-25-8917,Akola,Normal,Male,106,42.08,6,12.624,1/29/2023,12:25,Cash,8.9
422-29-8786,Bhopal,Normal,Female,103,67.09,5,16.7725,01-03-2023,16:47,Credit card,9.1
667-23-5919,Belagavi,Member,Female,106,96.7,5,24.175,1/14/2023,12:52,Ewallet,7
843-01-4703,Bengaluru,Member,Female,103,35.38,9,15.921,01-05-2023,19:50,Credit card,9.6
743-88-1662,Ludhiana,Normal,Male,104,95.49,7,33.4215,2/22/2023,18:17,Ewallet,8.7
595-86-2894,Bathinda,Member,Male,106,96.98,4,19.396,02-06-2023,17:20,Ewallet,9.4
182-69-8360,Bhavnagar,Normal,Female,102,23.65,4,4.73,1/30/2023,13:32,Credit card,4
289-15-7034,Mangaluru,Member,Male,104,82.33,4,16.466,01-11-2023,10:37,Credit card,7.5
462-78-5240,Gwalior,Normal,Female,102,26.61,2,2.661,3/19/2023,14:35,Cash,4.2
868-52-7573,Bhiwandi,Normal,Female,105,99.69,5,24.9225,1/14/2023,12:09,Cash,9.9
153-58-4872,Bhiwandi,Member,Female,105,74.89,4,14.978,03-01-2023,15:32,Ewallet,4.2
662-72-2873,Ajmer,Normal,Female,105,40.94,5,10.235,01-06-2023,13:58,Ewallet,9.9
525-88-7307,Ballari,Member,Male,104,75.82,1,3.791,1/31/2023,13:19,Cash,5.8
689-16-9784,Murwara (Katni),Normal,Male,105,46.77,6,14.031,03-11-2023,13:37,Cash,6
725-56-0833,Udaipur,Normal,Female,101,32.32,10,16.16,2/20/2023,16:49,Credit card,10
394-41-0748,Jabalpur,Member,Female,106,54.07,9,24.3315,1/27/2023,14:55,Ewallet,9.5
596-42-3999,Delhi,Normal,Male,105,18.22,7,6.377,03-10-2023,14:04,Credit card,6.6
541-89-9860,Jalandhar,Member,Female,106,80.48,3,12.072,2/15/2023,12:31,Cash,8.1
173-82-9529,Thane,Normal,Female,106,37.95,10,18.975,1/26/2023,14:51,Cash,9.7
563-36-9814,Davanagere,Member,Male,102,76.82,1,3.841,2/13/2023,18:27,Ewallet,7.2
308-47-4913,Mangaluru,Member,Female,104,52.26,10,26.13,03-09-2023,12:45,Credit card,6.2
885-17-6250,Jabalpur,Normal,Female,101,79.74,1,3.987,03-06-2023,10:36,Ewallet,7.3
726-27-2396,Ballari,Normal,Female,101,77.5,5,19.375,1/24/2023,20:36,Ewallet,4.3
316-01-3952,Ajmer,Normal,Female,105,54.27,5,13.5675,3/13/2023,14:16,Ewallet,4.6
760-54-1821,Bathinda,Normal,Male,103,13.59,9,6.1155,3/15/2023,10:26,Cash,5.8
793-10-3222,Ludhiana,Member,Female,101,41.06,6,12.318,03-05-2023,13:30,Credit card,8.3
346-12-3257,Ludhiana,Member,Male,102,19.24,9,8.658,03-04-2023,16:28,Cash,8
110-05-6330,Bikaner,Normal,Female,105,39.43,6,11.829,3/25/2023,20:18,Credit card,9.4
651-61-0874,Ujjain,Normal,Male,103,46.22,4,9.244,03-12-2023,20:04,Credit card,6.2
236-86-3015,Bengaluru,Member,Male,103,13.98,1,0.699,02-04-2023,13:38,Ewallet,9.8
831-64-0259,Gwalior,Normal,Female,106,39.75,5,9.9375,2/22/2023,10:43,Ewallet,9.6
587-03-7455,Jalandhar,Member,Female,106,97.79,7,34.2265,2/16/2023,17:30,Ewallet,4.9
882-40-4577,Amritsar,Member,Male,104,67.26,4,13.452,1/19/2023,15:28,Credit card,8
732-67-5346,Udaipur,Normal,Male,105,13.79,5,3.4475,01-11-2023,19:07,Credit card,7.8
725-32-9708,Ludhiana,Member,Female,106,68.71,4,13.742,01-04-2023,19:01,Cash,4.1
256-08-8343,Bhiwandi,Normal,Female,103,56.53,4,11.306,03-04-2023,19:48,Ewallet,5.5
372-26-1506,Jamnagar,Normal,Female,106,23.82,5,5.955,1/28/2023,19:24,Ewallet,5.4
244-08-0162,Malegaon,Normal,Female,101,34.21,10,17.105,01-02-2023,13:00,Cash,5.1
569-71-4390,Jabalpur,Normal,Male,104,21.87,2,2.187,1/25/2023,14:29,Ewallet,6.9
132-23-6451,Ujjain,Member,Male,101,20.97,5,5.2425,01-04-2023,13:21,Cash,7.8
696-90-2548,Nagpur,Normal,Male,104,25.84,3,3.876,03-10-2023,18:55,Ewallet,6.6
472-15-9636,Delhi,Normal,Male,103,50.93,8,20.372,3/22/2023,19:36,Ewallet,9.2
268-03-6164,Thane,Normal,Male,101,96.11,1,4.8055,1/25/2023,16:28,Ewallet,7.8
750-57-9686,Ludhiana,Normal,Female,103,45.38,4,9.076,01-08-2023,13:48,Credit card,8.7
186-09-3669,Udaipur,Member,Female,101,81.51,1,4.0755,1/22/2023,10:57,Ewallet,9.2
848-07-1692,Ajmer,Normal,Female,101,57.22,2,5.722,01-12-2023,17:13,Ewallet,8.3
745-71-3520,Bathinda,Member,Female,102,25.22,7,8.827,02-04-2023,10:23,Cash,8.2
266-76-6436,Amritsar,Member,Female,105,38.6,3,5.79,3/28/2023,13:57,Ewallet,7.5
740-22-2500,Ahmednagar,Normal,Female,102,84.05,3,12.6075,1/23/2023,13:29,Cash,9.8
271-88-8734,Bathinda,Member,Female,106,97.21,10,48.605,02-08-2023,13:00,Credit card,8.7
301-81-8610,Indore,Member,Male,106,25.42,8,10.168,3/19/2023,19:42,Credit card,6.7
489-64-4354,Bikaner,Normal,Male,106,16.28,1,0.814,03-09-2023,15:36,Cash,5
198-84-7132,Delhi,Member,Male,106,40.61,9,18.2745,01-02-2023,13:40,Cash,7
269-10-8440,Bharatpur,Member,Male,101,53.17,7,18.6095,1/21/2023,18:01,Cash,8.9
650-98-6268,Bharatpur,Member,Female,105,20.87,3,3.1305,3/20/2023,13:53,Credit card,8
741-73-3559,Mangaluru,Normal,Male,104,67.27,5,16.8175,2/27/2023,17:27,Cash,6.9
325-77-6186,Akola,Member,Female,103,90.65,10,45.325,03-08-2023,10:53,Ewallet,7.3
286-75-7818,Ballari,Normal,Male,106,69.08,2,6.908,1/31/2023,19:48,Credit card,6.9
574-57-9721,Bikaner,Normal,Male,105,43.27,2,4.327,03-08-2023,16:53,Ewallet,5.7
459-50-7686,Dhule,Normal,Female,102,23.46,6,7.038,1/13/2023,19:14,Ewallet,6.4
616-87-0016,Jaipur,Normal,Male,106,95.54,7,33.439,03-09-2023,14:36,Credit card,9.6
837-55-7229,Ballari,Normal,Female,106,47.44,1,2.372,2/22/2023,18:19,Credit card,6.8
751-69-0068,Jalandhar,Normal,Male,104,99.24,9,44.658,3/19/2023,19:09,Ewallet,9
257-73-1380,Bikaner,Member,Male,104,82.93,4,16.586,1/20/2023,16:51,Ewallet,9.6
345-08-4992,Jabalpur,Normal,Male,103,33.99,6,10.197,03-08-2023,15:37,Credit card,7.7
549-96-4200,Nagpur,Member,Male,105,17.04,4,3.408,03-08-2023,20:15,Ewallet,7
810-60-6344,Davanagere,Normal,Female,102,40.86,8,16.344,02-07-2023,14:38,Credit card,6.5
450-28-2866,Nagpur,Member,Male,105,17.44,5,4.36,1/15/2023,19:25,Cash,8.1
394-30-3170,Ballari,Member,Female,104,88.43,8,35.372,3/22/2023,19:35,Credit card,4.3
138-17-5109,Jamnagar,Member,Female,103,89.21,9,40.1445,1/15/2023,15:42,Credit card,6.5
192-98-7397,Gwalior,Normal,Male,106,12.78,1,0.639,01-08-2023,14:11,Ewallet,9.5
301-11-9629,Jodhpur,Normal,Female,104,19.1,7,6.685,1/15/2023,10:43,Cash,9.7
390-80-5128,Bikaner,Member,Female,101,19.15,1,0.9575,1/28/2023,17:58,Credit card,9.5
235-46-8343,Ajmer,Member,Male,105,27.66,10,13.83,2/14/2023,11:26,Credit card,8.9
453-12-7053,Amritsar,Normal,Male,106,45.74,3,6.861,03-10-2023,17:38,Credit card,6.5
296-11-7041,Bhopal,Member,Female,101,27.07,1,1.3535,01-12-2023,20:07,Credit card,5.3
449-27-2918,Dhule,Member,Female,104,39.12,1,1.956,3/26/2023,11:02,Credit card,9.6
891-01-7034,Vasai-Virar,Normal,Female,102,74.71,6,22.413,01-01-2023,19:07,Cash,6.7
744-09-5786,Bikaner,Normal,Male,102,22.01,6,6.603,01-02-2023,18:50,Cash,7.6
727-17-0390,Jaipur,Normal,Female,105,63.61,5,15.9025,3/16/2023,12:43,Ewallet,4.8
568-88-3448,Nagpur,Normal,Male,101,25,1,1.25,03-03-2023,15:09,Ewallet,5.5
187-83-5490,Amritsar,Member,Male,102,20.77,4,4.154,1/31/2023,13:47,Cash,4.7
767-54-1907,Gwalior,Member,Female,106,29.56,5,7.39,2/13/2023,16:59,Cash,6.9
710-46-4433,Bhiwandi,Member,Female,105,77.4,9,34.83,2/15/2023,14:15,Credit card,4.5
533-33-5337,Aurangabad,Normal,Male,102,79.39,10,39.695,02-07-2023,20:24,Cash,6.2
325-90-8763,Mumbai,Member,Female,102,46.57,10,23.285,1/27/2023,13:58,Cash,7.6
729-46-7422,Gwalior,Normal,Male,105,35.89,1,1.7945,2/23/2023,16:52,Credit card,7.9
639-76-1242,Jamnagar,Normal,Male,105,40.52,5,10.13,02-03-2023,15:19,Cash,4.5
234-03-4040,Bathinda,Member,Female,105,73.05,10,36.525,03-03-2023,12:25,Credit card,8.7
326-71-2155,Ballari,Normal,Female,104,73.95,4,14.79,02-03-2023,10:02,Cash,6.1
320-32-8842,Jalandhar,Member,Female,105,22.62,1,1.131,3/17/2023,18:58,Cash,6.4
470-32-9057,Akola,Member,Male,105,51.34,5,12.835,3/28/2023,15:31,Credit card,9.1
878-30-2331,Mumbai,Member,Female,104,54.55,10,27.275,03-02-2023,11:22,Credit card,7.1
440-59-5691,Ahmednagar,Member,Female,101,37.15,7,13.0025,02-08-2023,13:12,Credit card,7.7
554-53-3790,Nashik,Normal,Male,104,37.02,6,11.106,3/22/2023,18:33,Cash,4.5
746-19-0921,Thane,Normal,Male,105,21.58,1,1.079,02-09-2023,10:02,Ewallet,7.2
233-34-0817,Davanagere,Member,Female,102,98.84,1,4.942,2/15/2023,11:21,Cash,8.4
767-05-1286,Mangaluru,Member,Female,103,83.77,6,25.131,1/23/2023,12:10,Ewallet,5.4
340-21-9136,Bhavnagar,Member,Female,104,40.05,4,8.01,1/25/2023,11:40,Cash,9.7
405-31-3305,Bengaluru,Member,Male,106,43.13,10,21.565,02-02-2023,18:31,Credit card,5.5
731-59-7531,Nashik,Member,Male,101,72.57,8,29.028,3/30/2023,17:58,Cash,4.6
676-39-6028,Davanagere,Member,Female,102,64.44,5,16.11,3/30/2023,17:04,Cash,6.6
502-05-1910,Ludhiana,Normal,Male,101,65.18,3,9.777,2/25/2023,20:35,Credit card,6.3
485-30-8700,Gwalior,Normal,Female,104,33.26,5,8.315,3/18/2023,16:10,Credit card,4.2
598-47-9715,Gwalior,Normal,Male,102,84.07,4,16.814,03-07-2023,16:54,Ewallet,4.4
701-69-8742,Jodhpur,Normal,Male,104,34.37,10,17.185,3/16/2023,10:11,Ewallet,6.7
575-67-1508,Gwalior,Normal,Male,102,38.6,1,1.93,1/29/2023,11:26,Ewallet,6.7
541-08-3113,Amravati,Normal,Male,105,65.97,8,26.388,02-02-2023,20:29,Cash,8.4
246-11-3901,Amritsar,Normal,Female,102,32.8,10,16.4,2/15/2023,12:12,Cash,6.2
674-15-9296,Indore,Normal,Male,104,37.14,5,9.285,01-08-2023,13:05,Ewallet,5
305-18-3552,Bathinda,Member,Male,103,60.38,10,30.19,02-12-2023,16:19,Cash,6
493-65-6248,Thane,Member,Female,104,36.98,10,18.49,01-01-2023,19:48,Credit card,7
438-01-4015,Davanagere,Member,Female,104,49.49,4,9.898,3/21/2023,15:25,Ewallet,6.6
709-58-4068,Ajmer,Normal,Female,106,41.09,10,20.545,2/28/2023,14:42,Cash,7.3
795-49-7276,Amravati,Normal,Male,106,37.15,4,7.43,3/23/2023,18:59,Ewallet,8.3
556-72-8512,Ahmednagar,Normal,Male,103,22.96,1,1.148,1/30/2023,20:47,Cash,4.3
627-95-3243,Mira-Bhayandar,Member,Female,103,77.68,9,34.956,02-04-2023,13:21,Ewallet,9.8
686-41-0932,Malegaon,Normal,Female,106,34.7,2,3.47,3/13/2023,19:48,Ewallet,8.2
510-09-5628,Malegaon,Member,Female,106,19.66,10,9.83,3/15/2023,18:20,Credit card,7.2
608-04-3797,Malegaon,Member,Female,101,25.32,8,10.128,03-05-2023,20:24,Ewallet,8.7
148-82-2527,Amritsar,Member,Female,103,12.12,10,6.06,03-05-2023,13:44,Credit card,8.4
437-53-3084,Dhule,Normal,Male,106,99.89,2,9.989,2/26/2023,11:48,Ewallet,7.1
632-32-4574,Ajmer,Normal,Male,104,75.92,8,30.368,3/20/2023,14:14,Cash,5.5
556-97-7101,Bengaluru,Normal,Female,102,63.22,2,6.322,01-01-2023,15:51,Cash,8.5
862-59-8517,Hubli-Dharwad,Normal,Female,105,90.24,6,27.072,1/27/2023,11:17,Cash,6.2
401-18-8016,Jamnagar,Member,Female,104,98.13,1,4.9065,1/21/2023,17:36,Cash,8.9
420-18-8989,Murwara (Katni),Member,Female,104,51.52,8,20.608,02-02-2023,15:47,Cash,9.6
277-63-2961,Ballari,Member,Male,104,73.97,1,3.6985,02-03-2023,15:53,Credit card,5.4
573-98-8548,Vasai-Virar,Member,Female,106,31.9,1,1.595,01-05-2023,12:40,Ewallet,9.1
620-02-2046,Belagavi,Normal,Male,103,69.4,2,6.94,1/27/2023,19:48,Ewallet,9
282-35-2475,Ujjain,Normal,Female,104,93.31,2,9.331,3/25/2023,17:53,Cash,6.3
511-54-3087,Belagavi,Normal,Male,104,88.45,1,4.4225,2/25/2023,16:36,Credit card,9.5
726-29-6793,Vasai-Virar,Member,Male,102,24.18,8,9.672,1/28/2023,20:54,Ewallet,9.8
387-49-4215,Nanded-Waghala,Member,Female,104,48.5,3,7.275,01-08-2023,12:50,Cash,6.7
862-17-9201,Jodhpur,Normal,Female,105,84.05,6,25.215,1/29/2023,10:48,Credit card,7.7
291-21-5991,Gwalior,Member,Male,101,61.29,5,15.3225,3/29/2023,14:28,Cash,7
602-80-9671,Indore,Member,Female,103,15.95,6,4.785,02-09-2023,17:15,Credit card,5.1
347-72-6115,Ballari,Member,Female,104,90.74,7,31.759,1/16/2023,18:03,Credit card,6.2
209-61-0206,Bhopal,Normal,Female,103,42.91,5,10.7275,01-05-2023,17:29,Ewallet,6.1
595-27-4851,Bathinda,Normal,Female,106,54.28,7,18.998,1/27/2023,18:05,Ewallet,9.3
189-52-0236,Jalandhar,Normal,Male,102,99.55,7,34.8425,3/14/2023,12:07,Cash,7.6
503-07-0930,Hubli-Dharwad,Member,Male,104,58.39,7,20.4365,2/23/2023,19:49,Credit card,8.2
413-20-6708,Thane,Member,Female,106,51.47,1,2.5735,3/18/2023,15:52,Ewallet,8.5
425-85-2085,Gwalior,Member,Male,101,54.86,5,13.715,3/29/2023,16:48,Ewallet,9.8
521-18-7827,Nagpur,Member,Male,103,39.39,5,9.8475,1/22/2023,20:46,Credit card,8.7
220-28-1851,Amritsar,Normal,Male,103,34.73,2,3.473,03-01-2023,18:14,Ewallet,9.7
600-38-9738,Bhavnagar,Member,Male,104,71.92,5,17.98,1/17/2023,15:05,Credit card,4.3
734-91-1155,Udaipur,Normal,Female,102,45.71,3,6.8565,3/26/2023,10:34,Credit card,7.7
451-28-5717,Vasai-Virar,Member,Female,103,83.17,6,24.951,3/20/2023,11:23,Cash,7.3
609-81-8548,Akola,Member,Female,103,37.44,6,11.232,02-06-2023,13:55,Credit card,5.9
133-14-7229,Jamnagar,Normal,Male,101,62.87,2,6.287,01-01-2023,11:43,Cash,5
534-01-4457,Davanagere,Normal,Male,105,81.71,6,24.513,1/27/2023,14:36,Credit card,8
719-89-8991,Bathinda,Member,Female,104,91.41,5,22.8525,2/25/2023,16:03,Ewallet,7.1
286-62-6248,Jaipur,Normal,Male,106,39.21,4,7.842,1/16/2023,20:03,Credit card,9
339-38-9982,Davanagere,Member,Male,106,59.86,2,5.986,1/13/2023,14:55,Ewallet,6.7
827-44-5872,Bhavnagar,Member,Female,105,54.36,10,27.18,02-07-2023,11:28,Credit card,6.1
827-77-7633,Vasai-Virar,Normal,Male,104,98.09,9,44.1405,2/17/2023,19:41,Cash,9.3
287-83-1405,Hubli-Dharwad,Normal,Male,101,25.43,6,7.629,02-12-2023,19:01,Ewallet,7
435-13-4908,Mira-Bhayandar,Member,Male,106,86.68,8,34.672,1/24/2023,18:04,Credit card,7.2
857-67-9057,Hubli-Dharwad,Normal,Male,102,22.95,10,11.475,02-06-2023,19:20,Ewallet,8.2
236-27-1144,Jabalpur,Normal,Female,105,16.31,9,7.3395,3/26/2023,10:31,Ewallet,8.4
892-05-6689,Bhiwandi,Normal,Female,103,28.32,5,7.08,03-11-2023,13:28,Ewallet,6.2
583-41-4548,Ahmednagar,Normal,Male,103,16.67,7,5.8345,02-07-2023,11:36,Ewallet,7.4
339-12-4827,Mira-Bhayandar,Member,Female,106,73.96,1,3.698,01-05-2023,11:32,Credit card,5
643-38-7867,Mira-Bhayandar,Normal,Male,103,97.94,1,4.897,03-07-2023,11:44,Ewallet,6.9
308-81-0538,Amritsar,Normal,Female,106,73.05,4,14.61,2/25/2023,17:16,Credit card,4.9
358-88-9262,Nagpur,Member,Female,105,87.48,6,26.244,02-01-2023,18:43,Ewallet,5.1
460-35-4390,Ballari,Normal,Male,103,30.68,3,4.602,1/22/2023,11:00,Ewallet,9.1
343-87-0864,Bhiwandi,Member,Male,101,75.88,1,3.794,01-03-2023,10:30,Credit card,7.1
173-50-1108,Ajmer,Member,Female,104,20.18,4,4.036,2/13/2023,12:14,Credit card,5
243-47-2663,Nagpur,Member,Male,102,18.77,6,5.631,1/28/2023,16:43,Credit card,5.5
841-18-8232,Malegaon,Normal,Female,105,71.2,1,3.56,01-05-2023,20:40,Credit card,9.2
701-23-5550,Bikaner,Member,Male,103,38.81,4,7.762,3/19/2023,13:40,Ewallet,4.9
647-50-1224,Thane,Normal,Female,106,29.42,10,14.71,01-12-2023,16:23,Ewallet,8.9
541-48-8554,Malegaon,Normal,Male,104,60.95,9,27.4275,01-07-2023,12:08,Credit card,6
539-21-7227,Bhopal,Normal,Female,104,51.54,5,12.885,1/26/2023,17:45,Cash,4.2
213-32-1216,Amravati,Normal,Female,102,66.06,6,19.818,1/23/2023,10:28,Cash,7.3
747-58-7183,Vasai-Virar,Normal,Male,106,57.27,3,8.5905,02-09-2023,20:31,Ewallet,6.5
582-52-8065,Bharatpur,Normal,Female,106,54.31,9,24.4395,2/22/2023,10:49,Cash,8.9
210-57-1719,Ludhiana,Normal,Female,101,58.24,9,26.208,02-05-2023,12:34,Cash,9.7
399-69-4630,Mangaluru,Normal,Male,102,22.21,6,6.663,03-07-2023,10:23,Credit card,8.6
134-75-2619,Amravati,Member,Male,102,19.32,7,6.762,3/25/2023,18:51,Cash,6.9
356-44-8813,Delhi,Normal,Male,103,37.48,3,5.622,1/20/2023,13:45,Credit card,7.7
198-66-9832,Bhiwandi,Member,Female,106,72.04,2,7.204,02-04-2023,19:38,Cash,9.5
283-26-5248,Nashik,Member,Female,105,98.52,10,49.26,1/30/2023,20:23,Ewallet,4.5
712-39-0363,Jabalpur,Member,Male,105,41.66,6,12.498,01-02-2023,15:24,Ewallet,5.6
218-59-9410,Nagpur,Member,Female,103,72.42,3,10.863,3/29/2023,16:54,Ewallet,8.2
174-75-0888,Malegaon,Normal,Male,102,21.58,9,9.711,3/14/2023,12:32,Cash,7.3
866-99-7614,Delhi,Normal,Male,105,89.2,10,44.6,02-11-2023,15:42,Credit card,4.4
134-54-4720,Belagavi,Normal,Female,102,42.42,8,16.968,1/30/2023,13:58,Ewallet,5.7
760-90-2357,Ajmer,Member,Male,102,74.51,6,22.353,3/20/2023,15:08,Ewallet,5
514-37-2845,Jabalpur,Normal,Male,106,99.25,2,9.925,3/20/2023,13:02,Cash,9
698-98-5964,Belagavi,Normal,Female,105,81.21,10,40.605,1/17/2023,13:01,Credit card,6.3
718-57-9773,Mira-Bhayandar,Normal,Female,104,49.33,10,24.665,02-03-2023,16:40,Credit card,9.4
651-88-7328,Bharatpur,Normal,Female,106,65.74,9,29.583,01-01-2023,13:55,Cash,7.7
241-11-2261,Amritsar,Normal,Female,106,79.86,7,27.951,01-10-2023,10:33,Credit card,5.5
408-26-9866,Ludhiana,Normal,Female,104,73.98,7,25.893,03-02-2023,16:42,Ewallet,4.1
834-83-1826,Nanded-Waghala,Member,Female,103,82.04,5,20.51,2/25/2023,17:16,Credit card,7.6
343-61-3544,Delhi,Member,Male,104,26.67,10,13.335,1/29/2023,11:48,Cash,8.6
239-48-4278,Ahmedabad,Member,Male,105,10.13,7,3.5455,03-10-2023,19:35,Ewallet,8.3
355-34-6244,Kalyan-Dombivali,Normal,Male,105,72.39,2,7.239,1/13/2023,19:55,Credit card,8.1
550-84-8664,Murwara (Katni),Normal,Male,104,85.91,5,21.4775,3/22/2023,14:33,Credit card,8.6
339-96-8318,Ahmednagar,Member,Male,106,81.31,7,28.4585,03-01-2023,19:49,Ewallet,6.3
458-61-0011,Udaipur,Normal,Male,105,60.3,4,12.06,2/20/2023,18:43,Cash,5.8
592-34-6155,Mumbai,Normal,Male,105,31.77,4,6.354,1/14/2023,14:43,Ewallet,6.2
797-88-0493,Amravati,Normal,Female,101,64.27,4,12.854,3/26/2023,13:54,Cash,7.7
207-73-1363,Kalyan-Dombivali,Normal,Male,101,69.51,2,6.951,03-01-2023,12:15,Ewallet,8.1
390-31-6381,Bikaner,Normal,Male,105,27.22,3,4.083,01-07-2023,12:37,Cash,7.3
443-82-0585,Ludhiana,Member,Female,101,77.68,4,15.536,02-01-2023,19:54,Cash,8.4
339-18-7061,Vasai-Virar,Member,Female,106,92.98,2,9.298,2/13/2023,15:06,Credit card,8
359-90-3665,Bhiwandi,Member,Female,106,18.08,4,3.616,1/14/2023,18:03,Credit card,9.5
375-72-3056,Jamnagar,Normal,Male,104,63.06,3,9.459,1/19/2023,15:58,Ewallet,7
127-47-6963,Nashik,Normal,Male,101,51.71,4,10.342,03-09-2023,13:53,Credit card,9.8
278-86-2735,Mumbai,Normal,Female,105,52.34,3,7.851,3/27/2023,14:03,Cash,9.2
695-28-6250,Ujjain,Normal,Female,104,43.06,5,10.765,02-04-2023,16:38,Ewallet,7.7
379-17-6588,Bathinda,Normal,Male,106,59.61,10,29.805,3/14/2023,11:07,Cash,5.3
227-50-3718,Jodhpur,Normal,Male,101,14.62,5,3.655,03-04-2023,12:23,Cash,4.4
302-15-2162,Amravati,Member,Male,101,46.53,6,13.959,03-03-2023,10:54,Credit card,4.3
788-07-8452,Kalyan-Dombivali,Member,Female,103,24.24,7,8.484,1/27/2023,17:38,Ewallet,9.4
560-49-6611,Bhiwandi,Member,Female,104,45.58,1,2.279,02-07-2023,14:13,Cash,9.8
880-35-0356,Thane,Member,Female,104,75.2,3,11.28,02-05-2023,11:51,Ewallet,4.8
585-11-6748,Nashik,Member,Male,104,96.8,3,14.52,3/15/2023,13:05,Cash,5.3
470-31-3286,Aurangabad,Normal,Male,101,14.82,3,2.223,03-01-2023,11:30,Credit card,8.7
152-68-2907,Bharatpur,Normal,Male,105,52.2,3,7.83,2/15/2023,13:30,Credit card,9.5
123-35-4896,Ahmedabad,Normal,Female,104,46.66,9,20.997,2/17/2023,19:11,Ewallet,5.3
258-69-7810,Vasai-Virar,Normal,Female,106,36.85,5,9.2125,1/26/2023,18:53,Cash,9.2
334-64-2006,Jalandhar,Member,Female,103,70.32,2,7.032,3/24/2023,14:22,Ewallet,9.6
219-61-4139,Ajmer,Normal,Male,102,83.08,1,4.154,1/23/2023,17:16,Ewallet,6.4
881-41-7302,Bhavnagar,Normal,Female,106,64.99,1,3.2495,1/26/2023,10:06,Credit card,4.5
373-09-4567,Mira-Bhayandar,Normal,Male,105,77.56,10,38.78,3/14/2023,20:35,Ewallet,6.9
642-30-6693,Jabalpur,Normal,Female,104,54.51,6,16.353,3/17/2023,13:54,Ewallet,7.8
484-22-8230,Bengaluru,Member,Female,106,51.89,7,18.1615,01-08-2023,20:08,Cash,4.5
830-58-2383,Jabalpur,Normal,Male,103,31.75,4,6.35,02-08-2023,15:26,Cash,8.6
559-98-9873,Malegaon,Member,Female,106,53.65,7,18.7775,02-10-2023,12:56,Ewallet,5.2
544-32-5024,Udaipur,Member,Female,105,49.79,4,9.958,3/28/2023,19:16,Credit card,6.4
318-12-0304,Jodhpur,Normal,Male,106,30.61,1,1.5305,1/23/2023,12:20,Ewallet,5.2
349-97-8902,Bathinda,Member,Male,105,57.89,2,5.789,1/17/2023,10:37,Ewallet,8.9
421-95-9805,Mira-Bhayandar,Normal,Female,102,28.96,1,1.448,02-07-2023,10:18,Credit card,6.2
277-35-5865,Malegaon,Member,Female,105,98.97,9,44.5365,03-09-2023,11:23,Cash,6.7
789-23-8625,Nagpur,Member,Male,106,93.22,3,13.983,1/24/2023,11:45,Cash,7.2
284-54-4231,Nanded-Waghala,Member,Male,104,80.93,1,4.0465,1/19/2023,16:08,Credit card,9
443-59-0061,Bikaner,Member,Male,105,67.45,10,33.725,02-03-2023,11:25,Ewallet,4.2
509-29-3912,Ahmednagar,Member,Female,104,38.72,9,17.424,3/20/2023,12:24,Ewallet,4.2
327-40-9673,Ludhiana,Member,Male,104,72.6,6,21.78,1/13/2023,19:51,Cash,6.9
840-19-2096,Hubli-Dharwad,Member,Male,102,87.91,5,21.9775,3/14/2023,18:10,Ewallet,4.4
828-46-6863,Thane,Member,Male,105,98.53,6,29.559,1/23/2023,11:22,Credit card,4
641-96-3695,Akola,Member,Female,106,43.46,6,13.038,02-07-2023,17:55,Ewallet,8.5
420-97-3340,Davanagere,Normal,Female,105,71.68,3,10.752,3/28/2023,15:30,Credit card,9.2
436-54-4512,Jodhpur,Member,Female,105,91.61,1,4.5805,3/20/2023,19:44,Cash,9.8
670-79-6321,Mira-Bhayandar,Member,Female,103,94.59,7,33.1065,1/17/2023,15:27,Credit card,4.9
852-62-7105,Jalandhar,Normal,Female,106,83.25,10,41.625,01-12-2023,11:25,Credit card,4.4
598-06-7312,Jabalpur,Member,Male,106,91.35,1,4.5675,2/16/2023,15:42,Cash,6.8
135-13-8269,Ballari,Member,Female,105,78.88,2,7.888,1/26/2023,16:04,Cash,9.1
816-57-2053,Nanded-Waghala,Normal,Male,104,60.87,2,6.087,03-09-2023,12:37,Ewallet,8.7
628-90-8624,Vasai-Virar,Member,Male,101,82.58,10,41.29,3/14/2023,14:41,Cash,5
856-66-2701,Ajmer,Member,Male,103,53.3,3,7.995,1/25/2023,14:19,Ewallet,7.5
308-39-1707,Bathinda,Normal,Female,106,12.09,1,0.6045,1/26/2023,18:19,Credit card,8.2
149-61-1929,Bengaluru,Normal,Male,104,64.19,10,32.095,1/19/2023,14:08,Credit card,6.7
655-07-2265,Bengaluru,Normal,Male,102,78.31,3,11.7465,03-05-2023,16:38,Ewallet,5.4
589-02-8023,Malegaon,Member,Male,105,83.77,2,8.377,1/15/2023,10:54,Credit card,7
420-04-7590,Mumbai,Normal,Male,103,99.7,3,14.955,3/18/2023,11:29,Ewallet,4.7
182-88-2763,Murwara (Katni),Member,Male,105,79.91,3,11.9865,3/20/2023,19:28,Credit card,5
188-55-0967,Ajmer,Member,Male,101,66.47,10,33.235,1/15/2023,15:01,Credit card,5
610-46-4100,Bengaluru,Normal,Male,101,28.95,7,10.1325,03-03-2023,20:31,Credit card,6
318-81-2368,Vasai-Virar,Normal,Female,102,46.2,1,2.31,3/19/2023,12:16,Cash,6.3
364-33-8584,Delhi,Member,Female,105,17.63,5,4.4075,03-08-2023,15:27,Cash,8.5
665-63-9737,Dhule,Normal,Male,106,52.42,3,7.863,2/27/2023,17:36,Ewallet,7.5
695-09-5146,Bengaluru,Member,Female,105,98.79,3,14.8185,2/23/2023,20:00,Ewallet,6.4
155-45-3814,Bharatpur,Member,Female,102,88.55,8,35.42,3/19/2023,15:29,Ewallet,4.7
794-32-2436,Bhavnagar,Member,Male,102,55.67,2,5.567,3/27/2023,15:08,Ewallet,6
131-15-8856,Murwara (Katni),Member,Female,105,72.52,8,29.008,3/30/2023,19:26,Credit card,4
273-84-2164,Jalandhar,Member,Male,102,12.05,5,3.0125,2/16/2023,15:53,Ewallet,5.5
706-36-6154,Bengaluru,Member,Male,103,19.36,9,8.712,1/18/2023,18:43,Ewallet,8.7
778-89-7974,Malegaon,Normal,Male,101,70.21,6,21.063,3/30/2023,14:58,Cash,7.4
574-31-8277,Amritsar,Member,Male,106,33.63,1,1.6815,3/20/2023,19:55,Cash,5.6
859-71-0933,Jabalpur,Member,Female,104,15.49,2,1.549,1/16/2023,15:10,Cash,6.3
740-11-5257,Amritsar,Normal,Male,102,24.74,10,12.37,2/24/2023,16:44,Cash,7.1
369-82-2676,Jodhpur,Normal,Male,102,75.66,5,18.915,1/15/2023,18:22,Ewallet,7.8
563-47-4072,Vasai-Virar,Normal,Female,101,55.81,6,16.743,1/22/2023,11:52,Cash,9.9
742-04-5161,Vasai-Virar,Member,Male,103,72.78,10,36.39,02-03-2023,17:24,Cash,7.3
149-15-7606,Bhiwandi,Member,Male,104,37.32,9,16.794,03-06-2023,15:31,Ewallet,5.1
133-77-3154,Hubli-Dharwad,Member,Male,106,60.18,4,12.036,2/16/2023,18:04,Credit card,9.4
169-52-4504,Bathinda,Normal,Female,102,15.69,3,2.3535,3/14/2023,14:13,Credit card,5.8
250-81-7186,Davanagere,Normal,Female,102,99.69,1,4.9845,2/27/2023,10:23,Credit card,8
562-12-5430,Bhavnagar,Member,Female,106,88.15,3,13.2225,1/18/2023,10:11,Ewallet,7.9
816-72-8853,Jaipur,Member,Female,104,27.93,5,6.9825,1/29/2023,15:48,Cash,5.9
491-38-3499,Bhavnagar,Member,Male,106,55.45,1,2.7725,2/26/2023,17:46,Credit card,4.9
322-02-2271,Amravati,Normal,Female,104,42.97,3,6.4455,02-03-2023,11:46,Cash,9.3
842-29-4695,Bhiwandi,Member,Male,104,17.14,7,5.999,1/16/2023,12:07,Credit card,7.9
725-67-2480,Murwara (Katni),Member,Female,106,58.75,6,17.625,3/24/2023,18:14,Credit card,5.9
641-51-2661,Malegaon,Member,Female,105,87.1,10,43.55,02-12-2023,14:45,Credit card,9.9
714-02-3114,Bikaner,Normal,Female,104,98.8,2,9.88,2/21/2023,11:39,Cash,7.7
518-17-2983,Ludhiana,Normal,Female,106,48.63,4,9.726,02-04-2023,15:44,Ewallet,7.6
779-42-2410,Bhopal,Member,Male,105,57.74,3,8.661,2/20/2023,13:06,Ewallet,7.7
190-14-3147,Mangaluru,Normal,Female,101,17.97,4,3.594,2/23/2023,20:43,Ewallet,6.4
408-66-6712,Delhi,Member,Female,101,47.71,6,14.313,2/16/2023,14:19,Ewallet,4.4
679-22-6530,Jabalpur,Normal,Female,104,40.62,2,4.062,1/17/2023,10:01,Credit card,4.1
588-47-8641,Ahmednagar,Member,Male,106,56.04,10,28.02,1/14/2023,19:30,Ewallet,4.4
642-61-4706,Udaipur,Member,Male,105,93.4,2,9.34,3/30/2023,16:34,Cash,5.5
576-31-4774,Mangaluru,Normal,Female,101,73.41,3,11.0115,03-02-2023,13:10,Ewallet,4
556-41-6224,Malegaon,Normal,Male,101,33.64,8,13.456,2/15/2023,17:10,Credit card,9.3
811-03-8790,Ludhiana,Normal,Female,102,45.48,10,22.74,03-01-2023,10:22,Credit card,4.8
242-11-3142,Mangaluru,Member,Male,106,83.77,2,8.377,2/24/2023,19:57,Cash,4.6
752-23-3760,Aurangabad,Member,Female,104,64.08,7,22.428,2/19/2023,19:29,Credit card,7.3
274-05-5470,Bhavnagar,Member,Female,105,73.47,4,14.694,2/23/2023,18:30,Cash,6
648-94-3045,Ballari,Normal,Male,101,58.95,10,29.475,02-07-2023,14:27,Ewallet,8.1
130-67-4723,Nanded-Waghala,Member,Male,105,48.5,6,14.55,01-11-2023,13:57,Ewallet,9.4
528-87-5606,Bhiwandi,Member,Female,102,39.48,1,1.974,02-12-2023,19:43,Cash,6.5
320-85-2052,Bhiwandi,Normal,Female,104,34.81,1,1.7405,1/14/2023,10:11,Credit card,7
370-96-0655,Bikaner,Normal,Female,106,49.32,6,14.796,01-09-2023,13:46,Ewallet,7.1
105-10-6182,Jamnagar,Member,Male,106,21.48,2,2.148,2/27/2023,12:22,Ewallet,6.6
510-79-0415,Thane,Member,Female,104,23.08,6,6.924,1/24/2023,19:20,Ewallet,4.9
241-96-5076,Jalandhar,Member,Female,103,49.1,2,4.91,01-08-2023,12:58,Credit card,6.4
767-97-4650,Jaipur,Member,Female,104,64.83,2,6.483,01-08-2023,11:59,Credit card,8
648-83-1321,Murwara (Katni),Member,Male,103,63.56,10,31.78,1/16/2023,17:59,Cash,4.3
173-57-2300,Thane,Member,Male,104,72.88,2,7.288,3/13/2023,12:51,Cash,6.1
305-03-2383,Amritsar,Normal,Female,105,67.1,3,10.065,2/15/2023,10:36,Cash,7.5
394-55-6384,Akola,Member,Female,104,70.19,9,31.5855,1/25/2023,13:38,Cash,6.7
266-20-6657,Jalandhar,Member,Male,105,55.04,7,19.264,03-12-2023,19:39,Ewallet,5.2
689-05-1884,Ballari,Member,Male,101,48.63,10,24.315,03-04-2023,12:44,Cash,8.8
196-01-2849,Ajmer,Member,Female,106,73.38,7,25.683,02-10-2023,13:56,Cash,9.5
372-62-5264,Mangaluru,Normal,Female,105,52.6,9,23.67,1/16/2023,14:42,Cash,7.6
800-09-8606,Indore,Member,Female,103,87.37,5,21.8425,1/29/2023,19:45,Cash,6.6
182-52-7000,Aurangabad,Member,Female,104,27.04,4,5.408,01-01-2023,20:26,Ewallet,6.9
826-58-8051,Jamnagar,Normal,Male,103,62.19,4,12.438,01-06-2023,19:46,Ewallet,4.3
868-06-0466,Mumbai,Member,Male,102,69.58,9,31.311,2/19/2023,19:38,Credit card,7.8
751-41-9720,Ballari,Normal,Male,103,97.5,10,48.75,01-12-2023,16:18,Ewallet,8
626-43-7888,Amravati,Normal,Female,106,60.41,8,24.164,02-07-2023,12:23,Ewallet,9.6
176-64-7711,Nagpur,Normal,Male,105,32.32,3,4.848,3/27/2023,19:11,Credit card,4.3
191-29-0321,Bengaluru,Member,Female,106,19.77,10,9.885,2/27/2023,18:57,Credit card,5
729-06-2010,Amravati,Member,Male,101,80.47,9,36.2115,01-06-2023,11:18,Cash,9.2
640-48-5028,Jodhpur,Member,Female,103,88.39,9,39.7755,03-02-2023,12:40,Cash,6.3
186-79-9562,Malegaon,Normal,Male,101,71.77,7,25.1195,3/29/2023,14:06,Cash,8.9
834-45-5519,Amritsar,Normal,Female,102,43,4,8.6,1/31/2023,20:48,Ewallet,7.6
162-65-8559,Ballari,Member,Male,105,68.98,1,3.449,1/21/2023,20:13,Cash,4.8
760-27-5490,Murwara (Katni),Normal,Male,106,15.62,8,6.248,1/20/2023,20:37,Ewallet,9.1
445-30-9252,Nagpur,Normal,Male,104,25.7,3,3.855,1/17/2023,17:59,Ewallet,6.1
786-94-2700,Jamnagar,Member,Male,105,80.62,6,24.186,2/28/2023,20:18,Cash,9.1
728-88-7867,Bharatpur,Member,Female,103,75.53,4,15.106,3/19/2023,15:52,Ewallet,8.3
183-21-3799,Vasai-Virar,Normal,Female,102,77.63,9,34.9335,2/19/2023,15:14,Ewallet,7.2
268-20-3585,Bathinda,Normal,Female,101,13.85,9,6.2325,02-04-2023,12:50,Ewallet,6
735-32-9839,Kalyan-Dombivali,Member,Male,106,98.7,8,39.48,1/31/2023,10:36,Ewallet,8.5
258-92-7466,Thane,Normal,Female,101,35.68,5,8.92,02-06-2023,18:33,Credit card,6.6
857-16-3520,Amritsar,Member,Female,106,71.46,7,25.011,3/28/2023,16:06,Ewallet,4.5
482-17-1179,Akola,Member,Male,102,11.94,3,1.791,1/19/2023,12:47,Credit card,8.1
788-21-5741,Udaipur,Normal,Male,106,45.38,3,6.807,2/17/2023,13:34,Credit card,7.2
821-14-9046,Kalyan-Dombivali,Member,Female,106,17.48,6,5.244,1/18/2023,15:04,Credit card,6.1
418-05-0656,Jaipur,Normal,Female,106,25.56,7,8.946,02-02-2023,20:42,Cash,7.1
678-79-0726,Mira-Bhayandar,Member,Female,104,90.63,9,40.7835,1/18/2023,15:28,Cash,5.1
776-68-1096,Ahmednagar,Normal,Male,103,44.12,3,6.618,3/18/2023,13:45,Credit card,7.9
592-46-1692,Mumbai,Member,Female,105,36.77,7,12.8695,01-11-2023,20:10,Cash,7.4
434-35-9162,Bhavnagar,Member,Male,105,23.34,4,4.668,02-04-2023,18:53,Ewallet,7.4
149-14-0304,Akola,Member,Female,101,28.5,8,11.4,02-06-2023,14:24,Cash,6.6
442-44-6497,Nashik,Member,Male,103,55.57,3,8.3355,01-08-2023,11:42,Credit card,5.9
174-64-0215,Delhi,Normal,Male,104,69.74,10,34.87,03-05-2023,17:49,Credit card,8.9
210-74-9613,Udaipur,Normal,Male,106,97.26,4,19.452,3/16/2023,15:33,Ewallet,6.8
299-29-0180,Mumbai,Member,Female,103,52.18,7,18.263,03-09-2023,10:54,Cash,9.3
247-11-2470,Jabalpur,Member,Female,106,22.32,4,4.464,03-01-2023,16:23,Credit card,4.4
635-28-5728,Murwara (Katni),Normal,Male,101,56,3,8.4,2/28/2023,19:33,Ewallet,4.8
756-49-0168,Akola,Member,Male,106,19.7,1,0.985,02-08-2023,11:39,Ewallet,9.5
438-23-1242,Bengaluru,Normal,Male,102,75.88,7,26.558,1/24/2023,10:38,Ewallet,8.9
238-45-6950,Bhiwandi,Member,Male,105,53.72,1,2.686,03-01-2023,20:03,Ewallet,6.4
607-65-2441,Jamnagar,Member,Male,101,81.95,10,40.975,03-10-2023,12:39,Credit card,6
386-27-7606,Udaipur,Member,Female,103,81.2,7,28.42,3/23/2023,15:59,Credit card,8.1
137-63-5492,Ujjain,Normal,Male,102,58.76,10,29.38,1/29/2023,14:26,Ewallet,9
197-77-7132,Murwara (Katni),Member,Male,102,91.56,8,36.624,01-12-2023,18:22,Ewallet,6
805-86-0265,Davanagere,Normal,Male,103,93.96,9,42.282,3/20/2023,11:32,Cash,9.8
733-29-1227,Amritsar,Normal,Male,103,55.61,7,19.4635,3/23/2023,12:41,Cash,8.5
451-73-2711,Ludhiana,Normal,Male,105,84.83,1,4.2415,1/14/2023,15:20,Ewallet,8.8
373-14-0504,Jaipur,Member,Female,104,71.63,2,7.163,02-12-2023,14:33,Ewallet,8.8
546-80-2899,Nanded-Waghala,Member,Male,103,37.69,2,3.769,2/20/2023,15:29,Ewallet,9.5
345-68-9016,Murwara (Katni),Member,Female,104,31.67,8,12.668,01-02-2023,16:19,Credit card,5.6
390-17-5806,Mira-Bhayandar,Member,Female,105,38.42,1,1.921,02-02-2023,16:33,Cash,8.6
457-13-1708,Udaipur,Member,Male,106,65.23,10,32.615,01-08-2023,19:07,Credit card,5.2
664-14-2882,Amritsar,Member,Female,103,10.53,5,2.6325,1/30/2023,14:43,Credit card,5.8
487-79-6868,Bhiwandi,Member,Female,103,12.29,9,5.5305,3/26/2023,19:28,Credit card,8
314-23-4520,Davanagere,Member,Male,101,81.23,7,28.4305,1/15/2023,20:44,Cash,9
210-30-7976,Ahmednagar,Member,Female,106,22.32,4,4.464,3/14/2023,11:16,Ewallet,4.1
585-86-8361,Ludhiana,Normal,Female,105,27.28,5,6.82,02-03-2023,10:31,Credit card,8.6
807-14-7833,Bharatpur,Member,Female,102,17.42,10,8.71,2/22/2023,12:30,Ewallet,7
775-72-1988,Akola,Normal,Male,103,73.28,5,18.32,1/24/2023,15:05,Ewallet,8.4
288-38-3758,Ahmednagar,Member,Female,106,84.87,3,12.7305,1/25/2023,18:30,Ewallet,7.4
652-43-6591,Akola,Normal,Female,106,97.29,8,38.916,03-09-2023,13:18,Credit card,6.2
785-96-0615,Murwara (Katni),Member,Female,102,35.74,8,14.296,2/17/2023,15:28,Ewallet,4.9
406-46-7107,Nagpur,Normal,Female,103,96.52,6,28.956,01-11-2023,11:52,Cash,4.5
250-17-5703,Ajmer,Member,Male,105,18.85,10,9.425,2/27/2023,18:24,Ewallet,5.6
156-95-3964,Belagavi,Normal,Female,105,55.39,4,11.078,3/25/2023,15:19,Ewallet,8
842-40-8179,Jodhpur,Member,Female,105,77.2,10,38.6,02-11-2023,10:38,Credit card,5.6
525-09-8450,Murwara (Katni),Normal,Male,102,72.13,10,36.065,1/31/2023,15:12,Credit card,4.2
410-67-1709,Bengaluru,Member,Female,106,63.88,8,25.552,1/20/2023,17:48,Ewallet,9.9
587-73-4862,Gwalior,Member,Female,101,10.69,5,2.6725,3/26/2023,11:07,Ewallet,7.6
787-87-2010,Bengaluru,Member,Male,101,55.5,4,11.1,1/20/2023,15:48,Credit card,6.6
593-14-4239,Jamnagar,Normal,Female,103,95.46,8,38.184,03-05-2023,19:40,Ewallet,4.7
801-88-0346,Delhi,Normal,Female,106,76.06,3,11.409,01-05-2023,20:30,Credit card,9.8
388-76-2555,Mangaluru,Normal,Male,104,13.69,6,4.107,2/13/2023,13:59,Cash,6.3
711-31-1234,Thane,Normal,Female,102,95.64,4,19.128,3/16/2023,18:51,Cash,7.9
886-54-6089,Mumbai,Normal,Female,103,11.43,6,3.429,1/15/2023,17:24,Cash,7.7
707-32-7409,Ahmednagar,Member,Female,104,95.54,4,19.108,2/26/2023,11:58,Ewallet,4.5
759-98-4285,Thane,Member,Female,101,85.87,7,30.0545,2/27/2023,19:01,Credit card,8
201-63-8275,Ludhiana,Member,Female,104,67.99,7,23.7965,2/17/2023,16:50,Ewallet,5.7
471-06-8611,Jodhpur,Normal,Female,105,52.42,1,2.621,02-06-2023,10:22,Credit card,6.3
200-16-5952,Ballari,Member,Male,105,65.65,2,6.565,1/17/2023,16:46,Cash,6
120-54-2248,Indore,Normal,Female,105,28.86,5,7.215,1/22/2023,18:08,Credit card,8
102-77-2261,Udaipur,Member,Male,101,65.31,7,22.8585,03-05-2023,18:02,Credit card,4.2
875-31-8302,Bengaluru,Normal,Male,104,93.38,1,4.669,01-03-2023,13:07,Cash,9.6
102-06-2002,Hubli-Dharwad,Member,Male,104,25.25,5,6.3125,3/20/2023,17:52,Cash,6.1
457-94-0464,Bharatpur,Member,Male,102,87.87,9,39.5415,1/31/2023,20:32,Ewallet,5.6
629-42-4133,Vasai-Virar,Normal,Male,101,21.8,8,8.72,2/19/2023,19:24,Cash,8.3
534-53-3526,Aurangabad,Normal,Female,104,94.76,4,18.952,02-11-2023,16:06,Ewallet,7.8
307-04-2070,Akola,Member,Female,106,30.62,1,1.531,02-05-2023,14:14,Credit card,4.1
468-99-7231,Delhi,Normal,Female,103,44.01,8,17.604,03-03-2023,17:36,Cash,8.8
516-77-6464,Amritsar,Member,Female,101,10.16,5,2.54,2/24/2023,13:08,Ewallet,4.1
404-91-5964,Delhi,Normal,Male,102,74.58,7,26.103,02-04-2023,16:09,Credit card,9
886-77-9084,Indore,Normal,Male,102,71.89,8,28.756,2/19/2023,11:33,Ewallet,5.5
790-38-4466,Jamnagar,Normal,Female,101,10.99,5,2.7475,1/23/2023,10:18,Credit card,9.3
704-10-4056,Delhi,Member,Male,101,60.47,3,9.0705,1/14/2023,10:55,Credit card,5.6
497-37-6538,Bhopal,Normal,Male,104,58.91,7,20.6185,1/17/2023,15:15,Ewallet,9.7
651-96-5970,Bharatpur,Normal,Male,106,46.41,1,2.3205,03-03-2023,20:06,Credit card,4
400-80-4065,Nagpur,Member,Male,101,68.55,4,13.71,2/15/2023,20:21,Credit card,9.2
744-16-7898,Jamnagar,Normal,Female,103,97.37,10,48.685,1/15/2023,13:48,Credit card,4.9
263-12-5321,Indore,Member,Male,102,92.6,7,32.41,2/27/2023,12:52,Credit card,9.3
702-72-0487,Malegaon,Normal,Female,102,46.61,2,4.661,2/26/2023,12:28,Credit card,6.6
605-83-1050,Ahmednagar,Normal,Male,106,27.18,2,2.718,3/15/2023,16:26,Ewallet,4.3
443-60-9639,Bhavnagar,Member,Female,103,60.87,1,3.0435,1/24/2023,13:24,Cash,5.5
864-24-7918,Ahmednagar,Member,Female,104,24.49,10,12.245,2/22/2023,15:15,Cash,8.1
359-94-5395,Kalyan-Dombivali,Normal,Male,101,92.78,1,4.639,3/15/2023,10:50,Credit card,9.8
401-09-4232,Jabalpur,Member,Male,103,86.69,5,21.6725,02-11-2023,18:38,Ewallet,9.4
751-15-6198,Gwalior,Normal,Male,104,23.01,6,6.903,01-12-2023,16:45,Ewallet,7.9
324-41-6833,Belagavi,Member,Female,102,30.2,8,12.08,03-03-2023,19:30,Ewallet,5.1
474-33-8305,Bikaner,Member,Male,106,67.39,7,23.5865,3/23/2023,13:23,Ewallet,6.9
759-29-9521,Jalandhar,Member,Female,106,48.96,9,22.032,03-04-2023,11:27,Cash,8
831-81-6575,Nashik,Member,Female,102,75.59,9,34.0155,2/23/2023,11:12,Cash,8
220-68-6701,Bikaner,Normal,Female,103,77.47,4,15.494,3/17/2023,16:36,Cash,4.2
618-34-8551,Jabalpur,Normal,Female,104,93.18,2,9.318,1/16/2023,18:41,Credit card,8.5
257-60-7754,Vasai-Virar,Normal,Female,102,50.23,4,10.046,01-08-2023,17:12,Cash,9
559-61-5987,Malegaon,Normal,Female,101,17.75,1,0.8875,1/14/2023,10:38,Cash,8.6
189-55-2313,Thane,Normal,Female,106,62.18,10,31.09,1/31/2023,10:33,Ewallet,6
565-91-4567,Vasai-Virar,Normal,Male,101,10.75,8,4.3,3/15/2023,14:38,Ewallet,6.2
380-60-5336,Vasai-Virar,Normal,Female,102,40.26,10,20.13,2/24/2023,18:06,Credit card,5
815-04-6282,Nanded-Waghala,Member,Female,104,64.97,5,16.2425,02-08-2023,12:52,Credit card,6.5
674-56-6360,Mira-Bhayandar,Normal,Male,102,95.15,1,4.7575,3/22/2023,14:00,Cash,6
778-34-2523,Bhavnagar,Member,Female,102,48.62,8,19.448,1/24/2023,10:57,Cash,5
499-27-7781,Amritsar,Normal,Female,105,53.21,8,21.284,3/14/2023,16:45,Ewallet,5
477-59-2456,Jodhpur,Normal,Female,106,45.44,7,15.904,1/23/2023,11:15,Cash,9.2
832-51-6761,Bikaner,Normal,Male,105,33.88,8,13.552,1/19/2023,20:29,Ewallet,9.6
869-11-3082,Jaipur,Member,Male,101,96.16,4,19.232,1/27/2023,20:03,Credit card,8.4
190-59-3964,Belagavi,Member,Male,105,47.16,5,11.79,02-03-2023,14:35,Credit card,6
366-43-6862,Ludhiana,Normal,Male,102,52.89,4,10.578,3/25/2023,16:32,Ewallet,6.7
186-43-8965,Vasai-Virar,Member,Female,103,47.68,2,4.768,2/24/2023,10:10,Credit card,4.1
784-21-9238,Gwalior,Member,Male,104,10.17,1,0.5085,02-07-2023,14:15,Cash,5.9
276-75-6884,Mangaluru,Normal,Female,101,68.71,3,10.3065,03-04-2023,10:05,Cash,8.7
109-86-4363,Nashik,Member,Female,104,60.08,7,21.028,2/14/2023,11:36,Credit card,4.5
569-76-2760,Ludhiana,Member,Female,104,22.01,4,4.402,1/29/2023,18:15,Credit card,6.6
222-42-0244,Indore,Member,Female,101,72.11,9,32.4495,1/28/2023,13:53,Credit card,7.7
760-53-9233,Nagpur,Member,Male,106,41.28,3,6.192,3/26/2023,18:37,Credit card,8.5
538-22-0304,Ajmer,Normal,Male,102,64.95,10,32.475,3/24/2023,18:27,Cash,5.2
416-17-9926,Hubli-Dharwad,Member,Female,102,74.22,10,37.11,01-01-2023,14:42,Credit card,4.3
237-44-6163,Ludhiana,Normal,Male,102,10.56,8,4.224,1/24/2023,17:43,Cash,7.6
636-17-0325,Jalandhar,Normal,Male,101,62.57,4,12.514,2/25/2023,18:37,Cash,9.5
343-75-9322,Akola,Member,Female,104,11.85,8,4.74,01-09-2023,16:34,Cash,4.1
528-14-9470,Gwalior,Member,Male,101,91.3,1,4.565,2/14/2023,14:42,Ewallet,9.2
427-45-9297,Malegaon,Member,Female,103,40.73,7,14.2555,03-12-2023,11:01,Ewallet,5.4
807-34-3742,Ujjain,Normal,Male,106,52.38,1,2.619,3/26/2023,19:44,Cash,5.8
288-62-1085,Gwalior,Member,Male,106,38.54,5,9.635,01-09-2023,13:34,Ewallet,5.6
670-71-7306,Malegaon,Normal,Male,104,44.63,6,13.389,01-02-2023,20:08,Credit card,5.1
660-29-7083,Amritsar,Normal,Male,102,55.87,10,27.935,1/15/2023,15:01,Cash,5.8
271-77-8740,Aurangabad,Member,Female,104,29.22,6,8.766,01-01-2023,11:40,Ewallet,5
497-36-0989,Hubli-Dharwad,Normal,Male,106,51.94,3,7.791,2/15/2023,15:21,Cash,7.9
291-59-1384,Ujjain,Normal,Male,102,60.3,1,3.015,2/28/2023,17:38,Cash,6
860-73-6466,Aurangabad,Member,Female,104,39.47,2,3.947,03-02-2023,16:16,Credit card,5
549-23-9016,Indore,Member,Female,105,14.87,2,1.487,2/13/2023,18:15,Credit card,8.9
896-34-0956,Bathinda,Normal,Male,106,21.32,1,1.066,1/26/2023,12:43,Cash,5.9
804-38-3935,Bhavnagar,Member,Male,102,93.78,3,14.067,1/30/2023,11:32,Credit card,5.9
585-90-0249,Indore,Member,Male,102,73.26,1,3.663,1/27/2023,18:08,Ewallet,9.7
862-29-5914,Bharatpur,Normal,Female,104,22.38,1,1.119,1/30/2023,17:08,Credit card,8.6
845-94-6841,Hubli-Dharwad,Member,Female,105,72.88,9,32.796,01-08-2023,19:38,Cash,4
125-45-2293,Jalandhar,Normal,Female,106,99.1,6,29.73,1/19/2023,13:11,Cash,4.2
843-73-4724,Thane,Normal,Male,106,74.1,1,3.705,1/25/2023,11:05,Cash,9.2
409-33-9708,Bathinda,Normal,Female,106,98.48,2,9.848,2/19/2023,10:12,Ewallet,9.2
658-66-3967,Ludhiana,Normal,Male,101,53.19,7,18.6165,1/14/2023,15:42,Ewallet,5
866-70-2814,Ballari,Normal,Female,102,52.79,10,26.395,2/25/2023,11:58,Ewallet,10
160-22-2687,Ahmednagar,Member,Female,101,95.95,5,23.9875,1/23/2023,14:21,Ewallet,8.8
895-03-6665,Bengaluru,Normal,Female,106,36.51,9,16.4295,2/16/2023,10:52,Cash,4.2
770-42-8960,Bharatpur,Normal,Male,105,21.12,8,8.448,01-01-2023,19:31,Cash,6.3
748-45-2862,Nanded-Waghala,Member,Female,103,28.31,4,5.662,03-07-2023,18:35,Cash,8.2
234-36-2483,Delhi,Normal,Male,101,57.59,6,17.277,2/15/2023,13:51,Cash,5.1
316-66-3011,Ahmedabad,Member,Female,105,47.63,9,21.4335,1/23/2023,12:35,Cash,5
848-95-6252,Bhopal,Member,Female,103,86.27,1,4.3135,2/20/2023,13:24,Ewallet,7
840-76-5966,Bhiwandi,Member,Male,104,12.76,2,1.276,01-08-2023,18:06,Ewallet,7.8
152-03-4217,Nashik,Normal,Female,103,11.28,9,5.076,3/17/2023,11:55,Credit card,4.3
533-66-5566,Jabalpur,Normal,Female,103,51.07,7,17.8745,01-12-2023,11:42,Cash,7
124-31-1458,Ballari,Member,Female,102,79.59,3,11.9385,01-08-2023,14:30,Cash,6.6
176-78-1170,Bhopal,Member,Male,101,33.81,3,5.0715,1/26/2023,15:11,Ewallet,7.3
361-59-0574,Dhule,Member,Male,104,90.53,8,36.212,3/15/2023,14:48,Credit card,6.5
101-81-4070,Indore,Member,Female,101,62.82,2,6.282,1/17/2023,12:36,Ewallet,4.9
631-34-1880,Aurangabad,Member,Male,105,24.31,3,3.6465,01-08-2023,19:09,Credit card,4.3
852-82-2749,Jalandhar,Normal,Male,104,64.59,4,12.918,01-06-2023,13:35,Ewallet,9.3
873-14-6353,Delhi,Member,Male,105,24.82,7,8.687,2/16/2023,10:33,Credit card,7.1
584-66-4073,Ahmednagar,Normal,Male,106,56.5,1,2.825,3/13/2023,15:45,Ewallet,9.6
544-55-9589,Nagpur,Member,Female,102,21.43,10,10.715,1/28/2023,11:51,Cash,6.2
166-19-2553,Vasai-Virar,Member,Male,104,89.06,6,26.718,1/18/2023,17:26,Cash,9.9
737-88-5876,Nashik,Member,Male,103,23.29,4,4.658,3/19/2023,11:52,Credit card,5.9
154-87-7367,Jaipur,Normal,Male,103,65.26,8,26.104,3/15/2023,14:04,Ewallet,6.3
885-56-0389,Ludhiana,Member,Male,106,52.35,1,2.6175,02-12-2023,17:49,Cash,4
608-05-3804,Murwara (Katni),Member,Male,102,39.75,1,1.9875,2/25/2023,20:19,Cash,6.1
448-61-3783,Mumbai,Normal,Female,102,90.02,8,36.008,3/21/2023,16:08,Credit card,4.5
761-49-0439,Bhavnagar,Member,Female,102,12.1,8,4.84,1/19/2023,10:17,Ewallet,8.6
490-95-0021,Amritsar,Member,Female,105,33.21,10,16.605,01-08-2023,14:25,Ewallet,6
115-38-7388,Mumbai,Member,Female,106,10.18,8,4.072,3/30/2023,12:51,Credit card,9.5
311-13-6971,Davanagere,Member,Male,104,31.99,10,15.995,2/20/2023,15:18,Credit card,9.9
291-55-6563,Akola,Member,Female,103,34.42,6,10.326,3/30/2023,12:45,Ewallet,7.5
548-48-3156,Davanagere,Member,Female,105,83.34,2,8.334,3/19/2023,13:37,Cash,7.6
460-93-5834,Mira-Bhayandar,Normal,Male,104,45.58,7,15.953,1/13/2023,10:03,Cash,5
325-89-4209,Ajmer,Member,Male,105,87.9,1,4.395,02-05-2023,19:42,Ewallet,6.7
884-80-6021,Ahmednagar,Member,Female,102,73.47,10,36.735,3/23/2023,13:14,Ewallet,9.5
137-74-8729,Belagavi,Normal,Female,106,12.19,8,4.876,3/13/2023,12:47,Ewallet,6.8
880-46-5796,Bikaner,Member,Male,104,76.92,10,38.46,3/17/2023,19:53,Ewallet,5.6
389-70-2397,Malegaon,Normal,Female,101,83.66,5,20.915,2/21/2023,10:26,Cash,7.2
114-35-5271,Jabalpur,Normal,Female,102,57.91,8,23.164,02-07-2023,15:06,Cash,8.1
607-76-6216,Ujjain,Member,Female,106,92.49,5,23.1225,03-02-2023,16:35,Credit card,8.6
715-20-1673,Bathinda,Normal,Male,102,28.38,5,7.095,03-06-2023,20:57,Cash,9.4
811-35-1094,Malegaon,Member,Male,102,50.45,6,15.135,02-06-2023,15:16,Credit card,8.9
699-88-1972,Ballari,Normal,Male,101,99.16,8,39.664,1/28/2023,17:47,Credit card,4.2
781-84-8059,Ludhiana,Normal,Male,106,60.74,7,21.259,1/18/2023,16:23,Ewallet,5
409-49-6995,Bikaner,Member,Female,105,47.27,6,14.181,02-05-2023,10:17,Cash,8.8
725-54-0677,Nagpur,Member,Male,101,85.6,7,29.96,03-02-2023,13:50,Cash,5.3
146-09-5432,Mangaluru,Member,Male,105,35.04,9,15.768,02-09-2023,19:17,Ewallet,4.6
377-79-7592,Bathinda,Member,Female,102,44.84,9,20.178,1/14/2023,14:00,Credit card,7.5
509-10-0516,Davanagere,Normal,Male,103,45.97,4,9.194,02-09-2023,12:02,Ewallet,5.1
595-94-9924,Bharatpur,Member,Female,101,27.73,5,6.9325,3/26/2023,20:21,Credit card,4.2
865-41-9075,Nagpur,Normal,Male,105,11.53,7,4.0355,1/28/2023,17:35,Cash,8.1
545-07-8534,Kalyan-Dombivali,Normal,Female,101,58.32,2,5.832,2/14/2023,12:42,Ewallet,6
118-62-1812,Bharatpur,Member,Female,103,78.38,4,15.676,3/24/2023,17:56,Cash,7.9
450-42-3339,Bikaner,Normal,Male,101,84.61,10,42.305,02-09-2023,18:58,Credit card,8.8
851-98-3555,Mumbai,Normal,Female,101,82.88,5,20.72,3/24/2023,14:08,Credit card,6.6
186-71-5196,Jabalpur,Member,Female,105,79.54,2,7.954,3/27/2023,16:30,Ewallet,6.2
624-01-8356,Aurangabad,Normal,Female,103,49.01,10,24.505,1/27/2023,10:44,Credit card,4.2
313-66-9943,Ludhiana,Member,Female,105,29.15,3,4.3725,3/27/2023,20:29,Credit card,7.3
151-27-8496,Bharatpur,Normal,Female,102,56.13,4,11.226,1/19/2023,11:43,Ewallet,8.6
453-33-6436,Dhule,Normal,Female,103,93.12,8,37.248,02-07-2023,10:09,Cash,6.8
522-57-8364,Delhi,Member,Male,106,51.34,8,20.536,1/31/2023,10:00,Ewallet,7.6
459-45-2396,Davanagere,Member,Female,105,99.6,3,14.94,2/25/2023,18:45,Cash,5.8
717-96-4189,Hubli-Dharwad,Normal,Female,102,35.49,6,10.647,02-02-2023,12:40,Cash,4.1
722-13-2115,Amravati,Member,Male,104,42.85,1,2.1425,3/14/2023,15:36,Credit card,9.3
749-81-8133,Malegaon,Normal,Female,106,94.67,4,18.934,03-11-2023,12:04,Cash,6.8
777-67-2495,Indore,Normal,Male,103,68.97,3,10.3455,2/22/2023,11:26,Ewallet,8.7
636-98-3364,Akola,Member,Female,102,26.26,3,3.939,03-02-2023,12:36,Ewallet,6.3
246-55-6923,Hubli-Dharwad,Member,Female,103,35.79,9,16.1055,03-10-2023,15:06,Credit card,5.1
181-82-6255,Malegaon,Normal,Female,103,16.37,6,4.911,02-08-2023,10:58,Cash,7
838-02-1821,Bengaluru,Member,Female,103,12.73,2,1.273,2/22/2023,12:10,Credit card,5.2
887-42-0517,Davanagere,Normal,Female,104,83.14,7,29.099,01-10-2023,10:31,Credit card,6.6
457-12-0244,Malegaon,Member,Female,104,35.22,6,10.566,3/14/2023,13:49,Ewallet,6.5
226-34-0034,Nanded-Waghala,Normal,Female,102,13.78,4,2.756,01-10-2023,11:10,Ewallet,9
321-49-7382,Udaipur,Member,Male,104,88.31,1,4.4155,2/15/2023,17:38,Credit card,5.2
397-25-8725,Bharatpur,Member,Female,101,39.62,9,17.829,1/13/2023,17:54,Credit card,6.8
431-66-2305,Nagpur,Normal,Female,102,88.25,9,39.7125,2/15/2023,20:51,Credit card,7.6
825-94-5922,Thane,Normal,Male,104,25.31,2,2.531,03-02-2023,19:26,Ewallet,7.2
641-62-7288,Gwalior,Normal,Male,103,99.92,6,29.976,3/24/2023,13:33,Ewallet,7.1
756-93-1854,Jaipur,Member,Female,106,83.35,2,8.335,02-02-2023,14:05,Credit card,9.5
243-55-8457,Indore,Normal,Female,105,74.44,10,37.22,2/27/2023,11:40,Ewallet,5.1
458-10-8612,Mangaluru,Normal,Male,101,64.08,7,22.428,1/20/2023,12:27,Ewallet,7.6
501-61-1753,Jodhpur,Normal,Female,103,63.15,6,18.945,01-03-2023,20:24,Ewallet,9.8
235-06-8510,Nanded-Waghala,Member,Male,103,85.72,3,12.858,1/24/2023,20:59,Ewallet,5.1
433-08-7822,Aurangabad,Normal,Female,101,78.89,7,27.6115,01-05-2023,19:48,Ewallet,7.5
361-85-2571,Kalyan-Dombivali,Normal,Female,104,89.48,5,22.37,3/30/2023,10:18,Cash,7.4
131-70-8179,Jamnagar,Member,Female,101,92.09,3,13.8135,2/17/2023,16:27,Cash,4.2
500-02-2261,Ludhiana,Normal,Female,105,57.29,6,17.187,3/21/2023,17:04,Ewallet,5.9
720-72-2436,Jalandhar,Normal,Male,105,66.52,4,13.304,03-02-2023,18:14,Ewallet,6.9
702-83-5291,Gwalior,Member,Male,106,99.82,9,44.919,3/27/2023,10:43,Cash,6.6
809-69-9497,Malegaon,Normal,Female,103,45.68,10,22.84,1/19/2023,19:30,Ewallet,5.7
449-16-6770,Udaipur,Normal,Male,101,50.79,5,12.6975,2/19/2023,14:53,Credit card,5.3
333-23-2632,Mangaluru,Member,Male,101,10.08,7,3.528,3/28/2023,20:14,Cash,4.2
489-82-1237,Hubli-Dharwad,Normal,Female,102,93.88,7,32.858,01-05-2023,11:51,Credit card,7.3
859-97-6048,Bharatpur,Member,Male,102,84.25,2,8.425,3/26/2023,14:13,Credit card,5.3
676-10-2200,Belagavi,Member,Male,106,53.78,1,2.689,02-03-2023,20:13,Ewallet,4.7
373-88-1424,Bathinda,Member,Male,103,35.81,5,8.9525,02-06-2023,18:44,Ewallet,7.9
365-16-4334,Davanagere,Normal,Female,105,26.43,8,10.572,2/24/2023,14:26,Ewallet,8.9
503-21-4385,Murwara (Katni),Member,Male,101,39.91,3,5.9865,2/21/2023,12:40,Ewallet,9.3
305-89-2768,Indore,Member,Female,103,21.9,3,3.285,01-09-2023,18:43,Ewallet,4.7
574-80-1489,Jalandhar,Member,Female,105,62.85,4,12.57,2/25/2023,13:22,Ewallet,8.7
784-08-0310,Udaipur,Member,Female,105,21.04,4,4.208,1/13/2023,13:58,Cash,7.6
200-40-6154,Indore,Member,Male,103,65.91,6,19.773,02-09-2023,11:45,Cash,5.7
846-10-0341,Murwara (Katni),Normal,Female,106,42.57,7,14.8995,01-06-2023,11:51,Cash,6.8
577-34-7579,Bikaner,Member,Male,105,50.49,9,22.7205,01-10-2023,17:16,Cash,5.4
430-02-3888,Davanagere,Normal,Male,102,46.02,6,13.806,02-07-2023,15:55,Cash,7.1
867-47-1948,Aurangabad,Normal,Female,103,15.8,10,7.9,01-09-2023,12:07,Cash,7.8
384-59-6655,Vasai-Virar,Member,Female,105,98.66,9,44.397,2/19/2023,15:07,Cash,8.4
256-58-3609,Mumbai,Member,Male,106,91.98,1,4.599,3/18/2023,15:29,Cash,9.8
324-92-3863,Jabalpur,Member,Male,102,20.89,2,2.089,02-05-2023,18:45,Cash,9.8
593-08-5916,Bengaluru,Normal,Female,106,15.5,1,0.775,3/19/2023,15:23,Credit card,7.4
364-34-2972,Aurangabad,Member,Male,102,96.82,3,14.523,3/30/2023,20:37,Cash,6.7
794-42-3736,Belagavi,Normal,Male,105,33.33,2,3.333,1/26/2023,14:41,Credit card,6.4
172-42-8274,Bathinda,Normal,Female,102,38.27,2,3.827,03-02-2023,18:18,Credit card,5.8
558-60-5016,Malegaon,Normal,Female,103,33.3,9,14.985,03-04-2023,15:27,Ewallet,7.2
195-06-0432,Malegaon,Member,Male,103,81.01,3,12.1515,1/13/2023,12:55,Credit card,9.3
605-03-2706,Gwalior,Normal,Female,101,15.8,3,2.37,3/25/2023,18:02,Cash,9.5
214-30-2776,Vasai-Virar,Member,Female,102,34.49,5,8.6225,03-11-2023,19:44,Credit card,9
746-04-1077,Bharatpur,Member,Female,105,84.63,10,42.315,01-01-2023,11:36,Credit card,9
448-34-8700,Kalyan-Dombivali,Member,Male,103,36.91,7,12.9185,02-10-2023,13:51,Ewallet,6.7
452-04-8808,Malegaon,Normal,Male,102,87.08,7,30.478,1/26/2023,15:17,Cash,5.5
531-56-4728,Mumbai,Normal,Male,103,80.08,3,12.012,02-11-2023,15:29,Cash,5.4
744-82-9138,Jabalpur,Normal,Male,106,86.13,2,8.613,02-07-2023,17:59,Cash,8.2
883-69-1285,Ujjain,Member,Male,106,49.92,2,4.992,03-06-2023,11:55,Credit card,7
221-25-5073,Ahmedabad,Normal,Female,105,74.66,4,14.932,03-04-2023,10:39,Cash,8.5
518-71-6847,Mangaluru,Member,Male,105,26.6,6,7.98,2/26/2023,15:10,Ewallet,4.9
156-20-0370,Amritsar,Normal,Female,102,25.45,1,1.2725,03-10-2023,18:10,Credit card,5.1
151-33-7434,Bhopal,Normal,Female,105,67.77,1,3.3885,02-04-2023,20:43,Credit card,6.5
728-47-9078,Belagavi,Member,Male,105,59.59,4,11.918,1/19/2023,12:46,Cash,9.8
809-46-1866,Ujjain,Normal,Male,101,58.15,4,11.63,1/23/2023,17:44,Cash,8.4
139-32-4183,Jamnagar,Member,Female,104,97.48,9,43.866,3/14/2023,14:19,Ewallet,7.4
148-41-7930,Malegaon,Normal,Male,101,99.96,7,34.986,1/23/2023,10:33,Cash,6.1
189-40-5216,Gwalior,Normal,Male,102,96.37,7,33.7295,01-09-2023,11:40,Cash,6
374-38-5555,Ujjain,Normal,Female,106,63.71,5,15.9275,02-07-2023,19:30,Ewallet,8.5
764-44-8999,Akola,Normal,Female,101,14.76,2,1.476,2/18/2023,14:42,Ewallet,4.3
552-44-5977,Gwalior,Member,Male,101,62,8,24.8,01-03-2023,19:08,Credit card,6.2
267-62-7380,Gwalior,Member,Male,102,82.34,10,41.17,3/29/2023,19:12,Ewallet,4.3
430-53-4718,Kalyan-Dombivali,Member,Male,101,75.37,8,30.148,1/28/2023,15:46,Credit card,8.4
886-18-2897,Ahmednagar,Normal,Female,105,56.56,5,14.14,3/22/2023,19:06,Credit card,4.5
602-16-6955,Jabalpur,Normal,Female,104,76.6,10,38.3,1/24/2023,18:10,Ewallet,6
745-74-0715,Indore,Normal,Male,102,58.03,2,5.803,03-10-2023,20:46,Ewallet,8.8
690-01-6631,Hubli-Dharwad,Normal,Male,106,17.49,10,8.745,2/22/2023,18:35,Ewallet,6.6
652-49-6720,Belagavi,Member,Female,102,60.95,1,3.0475,2/18/2023,11:40,Ewallet,5.9
233-67-5758,Aurangabad,Normal,Male,101,40.35,1,2.0175,1/29/2023,13:46,Ewallet,6.2
303-96-2227,Bikaner,Normal,Female,103,97.38,10,48.69,03-02-2023,17:16,Ewallet,4.4
727-02-1313,Hubli-Dharwad,Member,Male,105,31.84,1,1.592,02-09-2023,13:22,Cash,7.7
347-56-2442,Jodhpur,Normal,Male,103,65.82,1,3.291,2/22/2023,15:33,Cash,4.1
849-09-3807,Hubli-Dharwad,Member,Female,106,88.34,7,30.919,2/18/2023,13:28,Cash,6.6
